QoE,VMAF,Rebuffer,Switch,Intervention_Rate,Chunks,Method,Video,Episode
2339.459702545087,84.83104166666665,126.81326277312415,29,0.0,48,shield_off,bigbuckbunny,0
4595.299999999999,96.44145833333333,0.0,5,0.0,48,shield_off,bigbuckbunny,1
3177.197991198804,90.00374999999997,68.26090222882686,31,0.0,48,shield_off,bigbuckbunny,2
2394.525757700801,84.72749999999998,107.60589175135642,31,0.0,48,shield_off,bigbuckbunny,3
2493.9133037340107,86.77541666666667,132.37968704772146,28,0.0,48,shield_off,bigbuckbunny,4
2080.785773779024,85.35374999999999,127.89537623800572,36,0.0,48,shield_off,bigbuckbunny,5
4595.299999999999,96.44145833333333,0.0,5,0.0,48,shield_off,bigbuckbunny,6
2255.7735341946172,84.17062499999997,113.77500797061306,36,0.0,48,shield_off,bigbuckbunny,7
1974.2128740621047,87.30874999999996,182.57717126185736,36,0.0,48,shield_off,bigbuckbunny,8
4627.979999999999,96.76499999999999,0.0,5,0.0,48,shield_off,bigbuckbunny,9
2793.687094060485,87.260625,85.93179577755755,26,0.0,48,shield_off,bigbuckbunny,10
4634.49,96.83187500000001,0.0,2,0.0,48,shield_off,bigbuckbunny,11
3188.121273645482,90.33625,92.60158991697168,23,0.0,48,shield_off,bigbuckbunny,12
2762.480995311879,83.60020833333333,67.59193370737887,30,0.0,48,shield_off,bigbuckbunny,13
4634.49,96.83187500000001,0.0,2,0.0,48,shield_off,bigbuckbunny,14
2186.3833008716647,86.03583333333331,139.93782692930415,33,0.0,48,shield_off,bigbuckbunny,15
2885.571432852994,85.75333333333334,81.80941947032531,25,0.0,48,shield_off,bigbuckbunny,16
3366.8776099398106,89.49229166666669,47.5729639123292,24,0.0,48,shield_off,bigbuckbunny,17
2727.2321453264303,83.24291666666666,67.70686224243806,30,0.0,48,shield_off,bigbuckbunny,18
3028.207501630692,84.76062499999998,42.99448865907305,28,0.0,48,shield_off,bigbuckbunny,19
-757.8708660582289,23.252291666666647,101.0890099392234,27,0.0,48,shield_off,crowd_run,0
2062.4200000000014,43.81354166666669,0.0,1,0.0,48,shield_off,crowd_run,1
687.7252566666774,30.853541666666676,10.571068717698891,27,0.0,48,shield_off,crowd_run,2
-581.1040410106106,25.191458333333326,83.97335768054872,27,0.0,48,shield_off,crowd_run,3
-157.71942744499577,26.815208333333327,89.8642717351012,21,0.0,48,shield_off,crowd_run,4
-550.7413348389621,29.175624999999993,94.28674113844015,31,0.0,48,shield_off,crowd_run,5
2062.4200000000014,43.81354166666669,0.0,1,0.0,48,shield_off,crowd_run,6
-560.722447384384,24.370416666666653,78.11439527427129,29,0.0,48,shield_off,crowd_run,7
-1162.1599154245887,26.27583333333332,152.96995099619528,30,0.0,48,shield_off,crowd_run,8
2062.4200000000014,43.81354166666669,0.0,1,0.0,48,shield_off,crowd_run,9
302.2616392413504,32.89020833333334,97.61365803762709,16,0.0,48,shield_off,crowd_run,10
2062.4200000000014,43.81354166666669,0.0,1,0.0,48,shield_off,crowd_run,11
211.6165701345186,34.37125,104.59222745463674,16,0.0,48,shield_off,crowd_run,12
-313.62459538365204,25.183124999999986,74.65293064239972,24,0.0,48,shield_off,crowd_run,13
2062.4200000000014,43.81354166666669,0.0,1,0.0,48,shield_off,crowd_run,14
-277.07393721747115,27.784999999999982,72.78996332575959,26,0.0,48,shield_off,crowd_run,15
127.07890378075622,29.470624999999988,72.28695448392003,21,0.0,48,shield_off,crowd_run,16
438.2699624844614,33.76375000000001,59.55426810992467,18,0.0,48,shield_off,crowd_run,17
-337.5122797952654,24.945208333333323,74.7798304015583,24,0.0,48,shield_off,crowd_run,18
297.92352269384463,27.477916666666644,37.96347835588123,22,0.0,48,shield_off,crowd_run,19
2284.0897726666594,86.50374999999997,146.8144655200267,28,0.0,48,shield_off,tearsofsteel_short,0
4624.41,96.99874999999999,0.0,2,0.0,48,shield_off,tearsofsteel_short,1
3035.3829593539176,88.38562499999995,49.469118295310174,32,0.0,48,shield_off,tearsofsteel_short,2
2526.538986889848,85.94979166666663,114.22735139415583,27,0.0,48,shield_off,tearsofsteel_short,3
2654.5902764365665,86.48437499999994,112.20805760215991,26,0.0,48,shield_off,tearsofsteel_short,4
2362.066713127609,86.29354166666661,108.05030122000836,35,0.0,48,shield_off,tearsofsteel_short,5
4624.41,96.99874999999999,0.0,2,0.0,48,shield_off,tearsofsteel_short,6
1979.7290600607962,86.04645833333326,144.6876138492252,39,0.0,48,shield_off,tearsofsteel_short,7
1563.9484260920287,85.88999999999993,201.75285536676006,38,0.0,48,shield_off,tearsofsteel_short,8
4656.04,97.37354166666665,0.0,5,0.0,48,shield_off,tearsofsteel_short,9
2641.353953334057,88.15708333333328,105.83891069112666,29,0.0,48,shield_off,tearsofsteel_short,10
4661.969999999999,97.38999999999999,0.0,2,0.0,48,shield_off,tearsofsteel_short,11
3155.3051018162237,90.2264583333333,83.22491499318981,22,0.0,48,shield_off,tearsofsteel_short,12
2861.6837817158903,84.94895833333328,57.24397023790062,31,0.0,48,shield_off,tearsofsteel_short,13
4661.969999999999,97.38999999999999,0.0,2,0.0,48,shield_off,tearsofsteel_short,14
2605.832762469825,87.64645833333327,111.26662276286025,27,0.0,48,shield_off,tearsofsteel_short,15
2591.537318662083,86.88374999999996,119.68297981321653,25,0.0,48,shield_off,tearsofsteel_short,16
3685.711528134328,91.42875,34.94046413101622,21,0.0,48,shield_off,tearsofsteel_short,17
2823.14449247437,84.55770833333328,57.36258569835614,31,0.0,48,shield_off,tearsofsteel_short,18
3338.8997363002172,86.38208333333328,22.726533878364926,29,0.0,48,shield_off,tearsofsteel_short,19
2505.0032939657744,87.63479166666663,142.7745525719749,33,0.0,48,shield_off,sintel,0
4529.500000000001,95.94145833333333,0.0,34,0.0,48,shield_off,sintel,1
3286.7414633993267,89.74541666666666,46.576857630895454,35,0.0,48,shield_off,sintel,2
3042.2628878631945,88.09104166666664,80.10260563672537,30,0.0,48,shield_off,sintel,3
2935.203629403189,89.02729166666666,114.51869798895473,26,0.0,48,shield_off,sintel,4
2894.3523823896144,89.98062499999997,109.06342267567655,34,0.0,48,shield_off,sintel,5
4551.22,96.23124999999999,0.0,36,0.0,48,shield_off,sintel,6
2555.7108102815337,87.350625,120.9931189096979,40,0.0,48,shield_off,sintel,7
2232.849669398234,88.15479166666667,173.2825012841286,33,0.0,48,shield_off,sintel,8
4548.82,96.28125,0.0,38,0.0,48,shield_off,sintel,9
3114.4462241844876,92.0939583333333,122.51741470633624,24,0.0,48,shield_off,sintel,10
4551.02,96.25416666666666,0.0,37,0.0,48,shield_off,sintel,11
3349.10106859347,92.89666666666663,104.73097521881425,23,0.0,48,shield_off,sintel,12
3169.349064353343,87.66499999999995,81.73218697270546,21,0.0,48,shield_off,sintel,13
4547.52,96.28124999999999,0.0,39,0.0,48,shield_off,sintel,14
3397.082080500637,88.58937500000002,53.46268404788794,31,0.0,48,shield_off,sintel,15
2981.152808300883,90.04791666666664,109.97180132014506,30,0.0,48,shield_off,sintel,16
3485.0874608958243,92.22124999999996,72.20234243025367,25,0.0,48,shield_off,sintel,17
3167.866770120171,87.66499999999995,81.91172842536673,21,0.0,48,shield_off,sintel,18
3535.102050288085,89.34124999999999,47.100042358516696,25,0.0,48,shield_off,sintel,19
2904.403284160824,80.44416666666666,28.716898720830343,28,0.3125,48,shield_legacy,bigbuckbunny,0
4595.299999999999,96.44145833333333,0.0,5,0.0,48,shield_legacy,bigbuckbunny,1
3694.6008878322673,88.94666666666664,6.874892462176802,31,0.125,48,shield_legacy,bigbuckbunny,2
3139.0752500523377,82.40604166666667,26.135507503350485,25,0.1875,48,shield_legacy,bigbuckbunny,3
3426.024227722334,84.5452083333333,22.965815440608637,22,0.16666666666666666,48,shield_legacy,bigbuckbunny,4
3048.721722027052,83.05833333333332,13.755847622692254,32,0.16666666666666666,48,shield_legacy,bigbuckbunny,5
4595.299999999999,96.44145833333333,0.0,5,0.0,48,shield_legacy,bigbuckbunny,6
3015.8244805812997,82.1827083333333,29.11767434819516,31,0.20833333333333334,48,shield_legacy,bigbuckbunny,7
3203.5842445961975,82.99291666666663,44.363584714607754,25,0.3125,48,shield_legacy,bigbuckbunny,8
4627.979999999999,96.76499999999999,0.0,5,0.0,48,shield_legacy,bigbuckbunny,9
2793.687094060485,87.260625,85.93179577755755,26,0.125,48,shield_legacy,bigbuckbunny,10
4634.49,96.83187500000001,0.0,2,0.0,48,shield_legacy,bigbuckbunny,11
3758.254127940709,88.183125,11.026631790127125,22,0.125,48,shield_legacy,bigbuckbunny,12
3082.168319214064,81.57916666666665,24.915416761862293,27,0.20833333333333334,48,shield_legacy,bigbuckbunny,13
4634.49,96.83187500000001,0.0,2,0.0,48,shield_legacy,bigbuckbunny,14
3179.706947755646,83.38124999999998,36.36180380866678,23,0.20833333333333334,48,shield_legacy,bigbuckbunny,15
3370.7448537980654,83.76604166666667,23.04689270856768,20,0.16666666666666666,48,shield_legacy,bigbuckbunny,16
3543.188309085156,88.85500000000002,29.922685430577094,22,0.0625,48,shield_legacy,bigbuckbunny,17
3049.2698881474034,81.22124999999998,24.749286803851177,26,0.20833333333333334,48,shield_legacy,bigbuckbunny,18
3369.840307879725,85.04083333333332,12.686493716118575,25,0.125,48,shield_legacy,bigbuckbunny,19
46.34059331185858,20.220416666666644,21.30685643024969,21,0.2708333333333333,48,shield_legacy,crowd_run,0
2062.4200000000014,43.81354166666669,0.0,1,0.0,48,shield_legacy,crowd_run,1
687.7252566666774,30.853541666666676,10.571068717698891,27,0.041666666666666664,48,shield_legacy,crowd_run,2
154.762269476418,22.65208333333332,9.606072011092788,21,0.10416666666666667,48,shield_legacy,crowd_run,3
320.9495128815887,24.690624999999986,22.397103575388968,19,0.14583333333333334,48,shield_legacy,crowd_run,4
127.2264099120334,27.713333333333324,30.415890272282738,29,0.125,48,shield_legacy,crowd_run,5
2062.4200000000014,43.81354166666669,0.0,1,0.0,48,shield_legacy,crowd_run,6
-13.44706326914357,22.431249999999988,23.10041948511914,25,0.22916666666666666,48,shield_legacy,crowd_run,7
-429.3426658725168,23.252291666666647,69.08099150587654,25,0.2708333333333333,48,shield_legacy,crowd_run,8
2062.4200000000014,43.81354166666669,0.0,1,0.0,48,shield_legacy,crowd_run,9
443.01960591961347,32.21229166666668,79.48648184113203,16,0.14583333333333334,48,shield_legacy,crowd_run,10
2062.4200000000014,43.81354166666669,0.0,1,0.0,48,shield_legacy,crowd_run,11
846.6240951815336,32.31604166666667,15.728670641771528,15,0.14583333333333334,48,shield_legacy,crowd_run,12
305.69676663733844,23.429374999999983,14.853831560399858,21,0.10416666666666667,48,shield_legacy,crowd_run,13
2062.4200000000014,43.81354166666669,0.0,1,0.0,48,shield_legacy,crowd_run,14
149.2601383215547,26.260624999999987,22.13055495136207,24,0.125,48,shield_legacy,crowd_run,15
480.8134554450835,27.415416666666655,27.334852780391994,19,0.20833333333333334,48,shield_legacy,crowd_run,16
615.4256318670168,32.91729166666667,33.175189938588,19,0.08333333333333333,48,shield_legacy,crowd_run,17
281.8090822257251,23.19145833333332,14.980731319558446,21,0.10416666666666667,48,shield_legacy,crowd_run,18
444.4754071348883,26.33104166666666,8.610052430367144,23,0.08333333333333333,48,shield_legacy,crowd_run,19
3132.3587648581706,82.29812499999996,37.790847279775626,20,0.2916666666666667,48,shield_legacy,tearsofsteel_short,0
4624.41,96.99874999999999,0.0,2,0.0,48,shield_legacy,tearsofsteel_short,1
3206.665979754825,87.90374999999995,26.36434353744826,31,0.10416666666666667,48,shield_legacy,tearsofsteel_short,2
3297.5433034959237,84.46104166666662,27.245239402140815,22,0.20833333333333334,48,shield_legacy,tearsofsteel_short,3
3494.508172842647,85.35791666666661,26.838884103361277,19,0.16666666666666666,48,shield_legacy,tearsofsteel_short,4
3249.011831472669,85.8220833333333,12.508256846818044,32,0.125,48,shield_legacy,tearsofsteel_short,5
4624.41,96.99874999999999,0.0,2,0.0,48,shield_legacy,tearsofsteel_short,6
3073.1628615815175,83.31812499999994,30.407841378207443,29,0.25,48,shield_legacy,tearsofsteel_short,7
3344.6890478508203,84.89062499999996,36.126568816518684,26,0.2916666666666667,48,shield_legacy,tearsofsteel_short,8
4656.04,97.37354166666665,0.0,5,0.0,48,shield_legacy,tearsofsteel_short,9
2751.227833502357,87.76583333333326,94.80525272500508,27,0.125,48,shield_legacy,tearsofsteel_short,10
4661.969999999999,97.38999999999999,0.0,2,0.0,48,shield_legacy,tearsofsteel_short,11
3596.6351056502267,88.34437499999996,18.63552499391615,22,0.14583333333333334,48,shield_legacy,tearsofsteel_short,12
3356.3524668585355,84.58249999999997,19.547908568491223,23,0.1875,48,shield_legacy,tearsofsteel_short,13
4661.969999999999,97.38999999999999,0.0,2,0.0,48,shield_legacy,tearsofsteel_short,14
3233.615719126798,85.69770833333327,38.98186541584303,22,0.25,48,shield_legacy,tearsofsteel_short,15
3290.0530231207267,84.6310416666666,35.66581599797377,20,0.25,48,shield_legacy,tearsofsteel_short,16
3716.351528134328,90.79041666666666,34.94046413101622,19,0.041666666666666664,48,shield_legacy,tearsofsteel_short,17
3317.8131776170144,84.19124999999997,19.66652402894674,23,0.1875,48,shield_legacy,tearsofsteel_short,18
3384.473388498006,86.16583333333328,16.16480274975687,28,0.10416666666666667,48,shield_legacy,tearsofsteel_short,19
3406.6020929591905,84.73791666666666,24.446209670640716,27,0.2916666666666667,48,shield_legacy,sintel,0
4529.500000000001,95.94145833333333,0.0,34,0.0,48,shield_legacy,sintel,1
3490.394566735451,89.29562499999999,24.524640657043175,33,0.041666666666666664,48,shield_legacy,sintel,2
3630.6537177659848,86.45666666666666,14.106865580670421,24,0.14583333333333334,48,shield_legacy,sintel,3
3706.5126496012585,88.27479166666664,25.319446511475363,21,0.20833333333333334,48,shield_legacy,sintel,4
3371.815976795428,88.85270833333333,47.21221211295691,33,0.125,48,shield_legacy,sintel,5
4526.0,95.96854166666667,0.0,36,0.020833333333333332,48,shield_legacy,sintel,6
3425.841536005373,85.60875000000003,22.671810076868653,32,0.25,48,shield_legacy,sintel,7
3085.819833473139,86.36708333333333,78.94866358125729,26,0.3125,48,shield_legacy,sintel,8
4548.82,96.28125,0.0,38,0.0,48,shield_legacy,sintel,9
3672.9676545611524,91.42854166666662,65.4581329262169,19,0.16666666666666666,48,shield_legacy,sintel,10
4551.02,96.25416666666666,0.0,37,0.0,48,shield_legacy,sintel,11
3817.269966782071,91.20895833333331,35.15746526379948,23,0.125,48,shield_legacy,sintel,12
3712.774999926284,87.13812499999996,18.707000977920867,20,0.10416666666666667,48,shield_legacy,sintel,13
4547.52,96.28124999999999,0.0,39,0.0,48,shield_legacy,sintel,14
3669.5787101427445,88.00979166666671,20.77171631022974,30,0.14583333333333334,48,shield_legacy,sintel,15
3657.62558659678,87.81916666666665,21.519429918025697,24,0.20833333333333334,48,shield_legacy,sintel,16
3796.7365884553205,90.89479166666662,30.444938413841765,24,0.10416666666666667,48,shield_legacy,sintel,17
3711.292705693113,87.13812499999996,18.88654243058212,20,0.10416666666666667,48,shield_legacy,sintel,18
3810.1492051333694,88.36604166666665,5.327131161171242,27,0.0625,48,shield_legacy,sintel,19
2988.1617793660857,80.30312499999998,23.546296103913907,27,0.22916666666666666,48,vmaf_aware_tol1.0_bud08,bigbuckbunny,0
4595.299999999999,96.44145833333333,0.0,5,0.0,48,vmaf_aware_tol1.0_bud08,bigbuckbunny,1
3822.775176494393,90.18937499999997,12.511485405233294,28,0.125,48,vmaf_aware_tol1.0_bud08,bigbuckbunny,2
3246.6199828913736,83.41249999999998,23.907463312575796,24,0.14583333333333334,48,vmaf_aware_tol1.0_bud08,bigbuckbunny,3
3412.667715153307,85.07395833333332,21.5094821761982,24,0.14583333333333334,48,vmaf_aware_tol1.0_bud08,bigbuckbunny,4
3128.095016069196,83.30333333333331,12.569644371463548,31,0.16666666666666666,48,vmaf_aware_tol1.0_bud08,bigbuckbunny,5
4595.299999999999,96.44145833333333,0.0,5,0.0,48,vmaf_aware_tol1.0_bud08,bigbuckbunny,6
3076.8625411452276,82.67041666666664,26.207298795393815,30,0.1875,48,vmaf_aware_tol1.0_bud08,bigbuckbunny,7
3227.385281089475,82.77833333333332,41.87314909284458,25,0.2916666666666667,48,vmaf_aware_tol1.0_bud08,bigbuckbunny,8
4627.979999999999,96.76499999999999,0.0,5,0.0,48,vmaf_aware_tol1.0_bud08,bigbuckbunny,9
2793.687094060485,87.260625,85.93179577755755,26,0.0,48,vmaf_aware_tol1.0_bud08,bigbuckbunny,10
4634.49,96.83187500000001,0.0,2,0.0,48,vmaf_aware_tol1.0_bud08,bigbuckbunny,11
3758.254127940709,88.183125,11.026631790127125,22,0.10416666666666667,48,vmaf_aware_tol1.0_bud08,bigbuckbunny,12
3112.819386128217,81.69145833333333,21.855694509663483,27,0.125,48,vmaf_aware_tol1.0_bud08,bigbuckbunny,13
4634.49,96.83187500000001,0.0,2,0.0,48,vmaf_aware_tol1.0_bud08,bigbuckbunny,14
3214.830691227461,83.24020833333331,32.92748410520082,23,0.22916666666666666,48,vmaf_aware_tol1.0_bud08,bigbuckbunny,15
3432.628083220547,83.98229166666667,18.448633330844597,20,0.125,48,vmaf_aware_tol1.0_bud08,bigbuckbunny,16
3652.8726787371547,89.07187500000002,22.437902284743974,22,0.0625,48,vmaf_aware_tol1.0_bud08,bigbuckbunny,17
3079.920955061557,81.33354166666665,21.68956455165237,26,0.125,48,vmaf_aware_tol1.0_bud08,bigbuckbunny,18
3472.9650075382374,85.61833333333333,15.91266866058172,25,0.041666666666666664,48,vmaf_aware_tol1.0_bud08,bigbuckbunny,19
108.80534269084816,19.883333333333308,15.700661011282932,21,0.10416666666666667,48,vmaf_aware_tol1.0_bud08,crowd_run,0
2062.4200000000014,43.81354166666669,0.0,1,0.0,48,vmaf_aware_tol1.0_bud08,crowd_run,1
687.7252566666774,30.853541666666676,10.571068717698891,27,0.0,48,vmaf_aware_tol1.0_bud08,crowd_run,2
154.762269476418,22.65208333333332,9.606072011092788,21,0.0625,48,vmaf_aware_tol1.0_bud08,crowd_run,3
320.9495128815887,24.690624999999986,22.397103575388968,19,0.0625,48,vmaf_aware_tol1.0_bud08,crowd_run,4
291.5403943249617,27.437291666666656,23.2206402222672,27,0.10416666666666667,48,vmaf_aware_tol1.0_bud08,crowd_run,5
2062.4200000000014,43.81354166666669,0.0,1,0.0,48,vmaf_aware_tol1.0_bud08,crowd_run,6
45.75177970108594,22.306874999999987,19.41960032690336,25,0.08333333333333333,48,vmaf_aware_tol1.0_bud08,crowd_run,7
-416.88388382161236,22.889999999999983,65.46558670319916,25,0.10416666666666667,48,vmaf_aware_tol1.0_bud08,crowd_run,8
2062.4200000000014,43.81354166666669,0.0,1,0.0,48,vmaf_aware_tol1.0_bud08,crowd_run,9
463.120499577652,32.04375000000001,78.03167398526497,16,0.041666666666666664,48,vmaf_aware_tol1.0_bud08,crowd_run,10
2062.4200000000014,43.81354166666669,0.0,1,0.0,48,vmaf_aware_tol1.0_bud08,crowd_run,11
846.6240951815336,32.31604166666667,15.728670641771528,15,0.08333333333333333,48,vmaf_aware_tol1.0_bud08,crowd_run,12
329.2437834872295,23.22479166666665,7.94891188381418,20,0.0625,48,vmaf_aware_tol1.0_bud08,crowd_run,13
2062.4200000000014,43.81354166666669,0.0,1,0.0,48,vmaf_aware_tol1.0_bud08,crowd_run,14
197.33502529923217,26.092083333333317,15.327637439530974,24,0.0625,48,vmaf_aware_tol1.0_bud08,crowd_run,15
512.4372867931,27.459583333333324,23.76122979734736,18,0.08333333333333333,48,vmaf_aware_tol1.0_bud08,crowd_run,16
654.904782695192,32.55500000000001,26.28696915029158,19,0.0625,48,vmaf_aware_tol1.0_bud08,crowd_run,17
305.35609907561616,22.986874999999984,8.075811642972768,20,0.0625,48,vmaf_aware_tol1.0_bud08,crowd_run,18
723.3369047712011,26.24854166666667,0.7246966120153204,19,0.08333333333333333,48,vmaf_aware_tol1.0_bud08,crowd_run,19
3437.5196696593953,84.25312499999997,26.201590399782447,19,0.25,48,vmaf_aware_tol1.0_bud08,tearsofsteel_short,0
4624.41,96.99874999999999,0.0,2,0.0,48,vmaf_aware_tol1.0_bud08,tearsofsteel_short,1
3286.117844121799,87.64020833333329,14.897305702301209,31,0.10416666666666667,48,vmaf_aware_tol1.0_bud08,tearsofsteel_short,2
3361.0467803960714,84.32645833333329,20.335903537297327,22,0.16666666666666666,48,vmaf_aware_tol1.0_bud08,tearsofsteel_short,3
3359.25439246386,84.81020833333328,32.398935021334566,21,0.125,48,vmaf_aware_tol1.0_bud08,tearsofsteel_short,4
3249.011831472669,85.8220833333333,12.508256846818044,32,0.125,48,vmaf_aware_tol1.0_bud08,tearsofsteel_short,5
4624.41,96.99874999999999,0.0,2,0.0,48,vmaf_aware_tol1.0_bud08,tearsofsteel_short,6
3127.2789704998427,83.73874999999994,27.45652004604593,29,0.1875,48,vmaf_aware_tol1.0_bud08,tearsofsteel_short,7
3273.0376868577637,84.56374999999996,36.8559003321506,27,0.22916666666666666,48,vmaf_aware_tol1.0_bud08,tearsofsteel_short,8
4656.04,97.37354166666665,0.0,5,0.0,48,vmaf_aware_tol1.0_bud08,tearsofsteel_short,9
2751.227833502357,87.76583333333326,94.80525272500508,27,0.020833333333333332,48,vmaf_aware_tol1.0_bud08,tearsofsteel_short,10
4661.969999999999,97.38999999999999,0.0,2,0.0,48,vmaf_aware_tol1.0_bud08,tearsofsteel_short,11
3628.9073163760377,88.3670833333333,12.392524663754893,23,0.14583333333333334,48,vmaf_aware_tol1.0_bud08,tearsofsteel_short,12
3398.354790042675,84.3889583333333,13.33517562467591,23,0.10416666666666667,48,vmaf_aware_tol1.0_bud08,tearsofsteel_short,13
4661.969999999999,97.38999999999999,0.0,2,0.0,48,vmaf_aware_tol1.0_bud08,tearsofsteel_short,14
3423.568797358985,85.79166666666661,22.97858559120798,22,0.1875,48,vmaf_aware_tol1.0_bud08,tearsofsteel_short,15
3337.743456632692,85.26937499999994,31.885482481505072,20,0.14583333333333334,48,vmaf_aware_tol1.0_bud08,tearsofsteel_short,16
3716.351528134328,90.79041666666666,34.94046413101622,19,0.041666666666666664,48,vmaf_aware_tol1.0_bud08,tearsofsteel_short,17
3359.815500801154,83.9977083333333,13.453791085131424,23,0.10416666666666667,48,vmaf_aware_tol1.0_bud08,tearsofsteel_short,18
3469.637752188466,86.38208333333328,11.440436992675888,28,0.041666666666666664,48,vmaf_aware_tol1.0_bud08,tearsofsteel_short,19
3371.22160211316,84.90375,27.76749005412303,27,0.22916666666666666,48,vmaf_aware_tol1.0_bud08,sintel,0
4529.500000000001,95.94145833333333,0.0,34,0.0,48,vmaf_aware_tol1.0_bud08,sintel,1
3490.394566735451,89.29562499999999,24.524640657043175,33,0.041666666666666664,48,vmaf_aware_tol1.0_bud08,sintel,2
3717.727559627182,87.28416666666668,18.487456440506076,22,0.10416666666666667,48,vmaf_aware_tol1.0_bud08,sintel,3
3791.1218084906013,88.67541666666665,22.315672421196364,21,0.20833333333333334,48,vmaf_aware_tol1.0_bud08,sintel,4
3427.346943467704,88.82729166666665,40.63384890168318,33,0.10416666666666667,48,vmaf_aware_tol1.0_bud08,sintel,5
4526.0,95.96854166666667,0.0,36,0.020833333333333332,48,vmaf_aware_tol1.0_bud08,sintel,6
3485.853647592956,85.88458333333335,20.67179656093084,31,0.20833333333333334,48,vmaf_aware_tol1.0_bud08,sintel,7
3100.277932660169,86.72583333333331,74.3486031177121,29,0.25,48,vmaf_aware_tol1.0_bud08,sintel,8
4548.82,96.28125,0.0,38,0.0,48,vmaf_aware_tol1.0_bud08,sintel,9
3672.9676545611524,91.42854166666662,65.4581329262169,19,0.125,48,vmaf_aware_tol1.0_bud08,sintel,10
4551.02,96.25416666666666,0.0,37,0.0,48,vmaf_aware_tol1.0_bud08,sintel,11
3817.269966782071,91.20895833333331,35.15746526379948,23,0.08333333333333333,48,vmaf_aware_tol1.0_bud08,sintel,12
3763.1830190198893,86.79104166666666,12.443917269877756,20,0.08333333333333333,48,vmaf_aware_tol1.0_bud08,sintel,13
4547.52,96.28124999999999,0.0,39,0.0,48,vmaf_aware_tol1.0_bud08,sintel,14
3695.0377113409327,87.98437500000004,17.835790777503423,30,0.10416666666666667,48,vmaf_aware_tol1.0_bud08,sintel,15
3657.62558659678,87.81916666666665,21.519429918025697,24,0.20833333333333334,48,vmaf_aware_tol1.0_bud08,sintel,16
3796.7365884553205,90.89479166666662,30.444938413841765,24,0.10416666666666667,48,vmaf_aware_tol1.0_bud08,sintel,17
3761.700724786718,86.79104166666666,12.623458722539011,20,0.08333333333333333,48,vmaf_aware_tol1.0_bud08,sintel,18
3845.9524809380223,88.46874999999999,6.502848723592168,26,0.10416666666666667,48,vmaf_aware_tol1.0_bud08,sintel,19
3073.8644827020385,80.74229166666666,18.921453161090227,27,0.22916666666666666,48,vmaf_aware_tol0.8_bud08,bigbuckbunny,0
4595.299999999999,96.44145833333333,0.0,5,0.0,48,vmaf_aware_tol0.8_bud08,bigbuckbunny,1
3788.475176494393,89.8320833333333,12.511485405233294,28,0.125,48,vmaf_aware_tol0.8_bud08,bigbuckbunny,2
3335.9224199173354,84.13208333333331,23.924125494508704,23,0.16666666666666666,48,vmaf_aware_tol0.8_bud08,bigbuckbunny,3
3374.1040015643816,83.30812499999998,21.65528081826765,23,0.16666666666666666,48,vmaf_aware_tol0.8_bud08,bigbuckbunny,4
3120.3047955298466,83.27854166666664,12.11424472748937,31,0.14583333333333334,48,vmaf_aware_tol0.8_bud08,bigbuckbunny,5
4595.299999999999,96.44145833333333,0.0,5,0.0,48,vmaf_aware_tol0.8_bud08,bigbuckbunny,6
3082.0560081987446,82.53666666666663,24.793361410035622,31,0.16666666666666666,48,vmaf_aware_tol0.8_bud08,bigbuckbunny,7
3235.071041759842,82.99791666666665,43.820125755833025,25,0.3125,48,vmaf_aware_tol0.8_bud08,bigbuckbunny,8
4627.979999999999,96.76499999999999,0.0,5,0.0,48,vmaf_aware_tol0.8_bud08,bigbuckbunny,9
2793.687094060485,87.260625,85.93179577755755,26,0.0,48,vmaf_aware_tol0.8_bud08,bigbuckbunny,10
4634.49,96.83187500000001,0.0,2,0.0,48,vmaf_aware_tol0.8_bud08,bigbuckbunny,11
3789.0785042845987,87.82583333333332,5.215781942272316,21,0.10416666666666667,48,vmaf_aware_tol0.8_bud08,bigbuckbunny,12
3112.819386128217,81.69145833333333,21.855694509663483,27,0.125,48,vmaf_aware_tol0.8_bud08,bigbuckbunny,13
4634.49,96.83187500000001,0.0,2,0.0,48,vmaf_aware_tol0.8_bud08,bigbuckbunny,14
3263.0223081183685,83.32208333333331,30.76885802829828,22,0.22916666666666666,48,vmaf_aware_tol0.8_bud08,bigbuckbunny,15
3432.628083220547,83.98229166666667,18.448633330844597,20,0.125,48,vmaf_aware_tol0.8_bud08,bigbuckbunny,16
3652.8726787371547,89.07187500000002,22.437902284743974,22,0.0625,48,vmaf_aware_tol0.8_bud08,bigbuckbunny,17
3079.920955061557,81.33354166666665,21.68956455165237,26,0.125,48,vmaf_aware_tol0.8_bud08,bigbuckbunny,18
3472.9650075382374,85.61833333333333,15.91266866058172,25,0.041666666666666664,48,vmaf_aware_tol0.8_bud08,bigbuckbunny,19
253.07409356612166,20.58874999999998,16.67586075991744,22,0.125,48,vmaf_aware_tol0.8_bud08,crowd_run,0
2062.4200000000014,43.81354166666669,0.0,1,0.0,48,vmaf_aware_tol0.8_bud08,crowd_run,1
687.7252566666774,30.853541666666676,10.571068717698891,27,0.0,48,vmaf_aware_tol0.8_bud08,crowd_run,2
154.762269476418,22.65208333333332,9.606072011092788,21,0.0625,48,vmaf_aware_tol0.8_bud08,crowd_run,3
320.9495128815887,24.690624999999986,22.397103575388968,19,0.0625,48,vmaf_aware_tol0.8_bud08,crowd_run,4
306.8166696308131,27.721874999999997,30.00403710867085,25,0.0625,48,vmaf_aware_tol0.8_bud08,crowd_run,5
2062.4200000000014,43.81354166666669,0.0,1,0.0,48,vmaf_aware_tol0.8_bud08,crowd_run,6
45.75177970108594,22.306874999999987,19.41960032690336,25,0.08333333333333333,48,vmaf_aware_tol0.8_bud08,crowd_run,7
-416.88388382161236,22.889999999999983,65.46558670319916,25,0.10416666666666667,48,vmaf_aware_tol0.8_bud08,crowd_run,8
2062.4200000000014,43.81354166666669,0.0,1,0.0,48,vmaf_aware_tol0.8_bud08,crowd_run,9
516.2752515766641,32.32583333333334,78.25275538073345,15,0.041666666666666664,48,vmaf_aware_tol0.8_bud08,crowd_run,10
2062.4200000000014,43.81354166666669,0.0,1,0.0,48,vmaf_aware_tol0.8_bud08,crowd_run,11
835.2040951815335,32.078125,15.728670641771528,14,0.08333333333333333,48,vmaf_aware_tol0.8_bud08,crowd_run,12
329.2437834872295,23.22479166666665,7.94891188381418,20,0.0625,48,vmaf_aware_tol0.8_bud08,crowd_run,13
2062.4200000000014,43.81354166666669,0.0,1,0.0,48,vmaf_aware_tol0.8_bud08,crowd_run,14
214.3145416685168,26.374166666666653,14.91102935216607,24,0.0625,48,vmaf_aware_tol0.8_bud08,crowd_run,15
508.2876617168022,27.221666666666653,22.88061267965086,18,0.08333333333333333,48,vmaf_aware_tol0.8_bud08,crowd_run,16
654.904782695192,32.55500000000001,26.28696915029158,19,0.0625,48,vmaf_aware_tol0.8_bud08,crowd_run,17
305.35609907561616,22.986874999999984,8.075811642972768,20,0.0625,48,vmaf_aware_tol0.8_bud08,crowd_run,18
824.1499999999999,26.109999999999996,0.0,17,0.0625,48,vmaf_aware_tol0.8_bud08,crowd_run,19
3392.539709921109,83.07937499999997,20.276197926222135,20,0.25,48,vmaf_aware_tol0.8_bud08,tearsofsteel_short,0
4624.41,96.99874999999999,0.0,2,0.0,48,vmaf_aware_tol0.8_bud08,tearsofsteel_short,1
3301.4409852892,87.57562499999995,13.416789572528764,31,0.10416666666666667,48,vmaf_aware_tol0.8_bud08,tearsofsteel_short,2
3413.552145435457,84.32645833333329,18.52566067884467,21,0.16666666666666666,48,vmaf_aware_tol0.8_bud08,tearsofsteel_short,3
3407.6507470094625,84.89187499999996,31.752574247884674,22,0.125,48,vmaf_aware_tol0.8_bud08,tearsofsteel_short,4
3287.9731603333926,85.21458333333328,11.272630773571507,30,0.14583333333333334,48,vmaf_aware_tol0.8_bud08,tearsofsteel_short,5
4624.41,96.99874999999999,0.0,2,0.0,48,vmaf_aware_tol0.8_bud08,tearsofsteel_short,6
3126.568123429625,83.70374999999993,27.339132336527655,30,0.1875,48,vmaf_aware_tol0.8_bud08,tearsofsteel_short,7
3461.8751849472446,85.08416666666663,34.40707546666115,24,0.22916666666666666,48,vmaf_aware_tol0.8_bud08,tearsofsteel_short,8
4656.04,97.37354166666665,0.0,5,0.0,48,vmaf_aware_tol0.8_bud08,tearsofsteel_short,9
2751.227833502357,87.76583333333326,94.80525272500508,27,0.020833333333333332,48,vmaf_aware_tol0.8_bud08,tearsofsteel_short,10
4661.969999999999,97.38999999999999,0.0,2,0.0,48,vmaf_aware_tol0.8_bud08,tearsofsteel_short,11
3782.007316376038,89.72812499999996,12.392524663754893,21,0.125,48,vmaf_aware_tol0.8_bud08,tearsofsteel_short,12
3161.756883192554,83.42520833333329,20.29955387687079,27,0.10416666666666667,48,vmaf_aware_tol0.8_bud08,tearsofsteel_short,13
4661.969999999999,97.38999999999999,0.0,2,0.0,48,vmaf_aware_tol0.8_bud08,tearsofsteel_short,14
3512.9240506362366,85.87895833333327,20.746844641928483,21,0.1875,48,vmaf_aware_tol0.8_bud08,tearsofsteel_short,15
3358.7943417371052,85.4979166666666,29.71846635936204,20,0.125,48,vmaf_aware_tol0.8_bud08,tearsofsteel_short,16
3716.351528134328,90.79041666666666,34.94046413101622,19,0.041666666666666664,48,vmaf_aware_tol0.8_bud08,tearsofsteel_short,17
3123.217593951033,83.03395833333329,20.418169337326304,27,0.10416666666666667,48,vmaf_aware_tol0.8_bud08,tearsofsteel_short,18
3469.637752188466,86.38208333333328,11.440436992675888,28,0.041666666666666664,48,vmaf_aware_tol0.8_bud08,tearsofsteel_short,19
3336.111483029972,84.23958333333333,29.77210719113708,26,0.25,48,vmaf_aware_tol0.8_bud08,sintel,0
4529.500000000001,95.94145833333333,0.0,34,0.0,48,vmaf_aware_tol0.8_bud08,sintel,1
3490.394566735451,89.29562499999999,24.524640657043175,33,0.041666666666666664,48,vmaf_aware_tol0.8_bud08,sintel,2
3717.727559627182,87.28416666666668,18.487456440506076,22,0.10416666666666667,48,vmaf_aware_tol0.8_bud08,sintel,3
3657.9159760899015,87.54895833333336,26.670787779808432,22,0.14583333333333334,48,vmaf_aware_tol0.8_bud08,sintel,4
3427.346943467704,88.82729166666665,40.63384890168318,33,0.10416666666666667,48,vmaf_aware_tol0.8_bud08,sintel,5
4526.0,95.96854166666667,0.0,36,0.020833333333333332,48,vmaf_aware_tol0.8_bud08,sintel,6
3511.163280627789,85.98562500000003,20.073488296052812,31,0.20833333333333334,48,vmaf_aware_tol0.8_bud08,sintel,7
3100.277932660169,86.72583333333331,74.3486031177121,29,0.25,48,vmaf_aware_tol0.8_bud08,sintel,8
4548.82,96.28125,0.0,38,0.0,48,vmaf_aware_tol0.8_bud08,sintel,9
3672.9676545611524,91.42854166666662,65.4581329262169,19,0.125,48,vmaf_aware_tol0.8_bud08,sintel,10
4551.02,96.25416666666666,0.0,37,0.0,48,vmaf_aware_tol0.8_bud08,sintel,11
3817.269966782071,91.20895833333331,35.15746526379948,23,0.08333333333333333,48,vmaf_aware_tol0.8_bud08,sintel,12
3797.9065640964145,87.21374999999996,12.537964620104649,18,0.08333333333333333,48,vmaf_aware_tol0.8_bud08,sintel,13
4547.52,96.28124999999999,0.0,39,0.0,48,vmaf_aware_tol0.8_bud08,sintel,14
3695.0377113409327,87.98437500000004,17.835790777503423,30,0.10416666666666667,48,vmaf_aware_tol0.8_bud08,sintel,15
3536.0178569075338,86.49,22.97627702185875,24,0.22916666666666666,48,vmaf_aware_tol0.8_bud08,sintel,16
3835.37783458219,91.01041666666664,28.603702206614436,23,0.10416666666666667,48,vmaf_aware_tol0.8_bud08,sintel,17
3796.4242698632434,87.21374999999996,12.717506072765906,18,0.08333333333333333,48,vmaf_aware_tol0.8_bud08,sintel,18
3832.8387665146697,88.34312499999999,2.712116458978957,27,0.08333333333333333,48,vmaf_aware_tol0.8_bud08,sintel,19
2824.337313308037,80.47854166666666,42.369511469472144,27,0.1875,48,thresh_cat3.0_vmafFB,bigbuckbunny,0
4595.299999999999,96.44145833333333,0.0,5,0.0,48,thresh_cat3.0_vmafFB,bigbuckbunny,1
3506.203098708138,89.22604166666663,32.93203746267692,29,0.0625,48,thresh_cat3.0_vmafFB,bigbuckbunny,2
3127.946749061738,82.37291666666665,27.67602361170804,25,0.125,48,thresh_cat3.0_vmafFB,bigbuckbunny,3
3300.085019892927,85.21562499999999,41.325700109868265,24,0.10416666666666667,48,thresh_cat3.0_vmafFB,bigbuckbunny,4
3034.8144822831227,83.19604166666666,16.240978405629434,31,0.14583333333333334,48,thresh_cat3.0_vmafFB,bigbuckbunny,5
4595.299999999999,96.44145833333333,0.0,5,0.0,48,thresh_cat3.0_vmafFB,bigbuckbunny,6
3035.185178781591,82.67104166666664,31.25179520571799,30,0.16666666666666666,48,thresh_cat3.0_vmafFB,bigbuckbunny,7
3227.385281089475,82.77833333333332,41.87314909284458,25,0.2916666666666667,48,thresh_cat3.0_vmafFB,bigbuckbunny,8
4627.979999999999,96.76499999999999,0.0,5,0.0,48,thresh_cat3.0_vmafFB,bigbuckbunny,9
2793.687094060485,87.260625,85.93179577755755,26,0.0,48,thresh_cat3.0_vmafFB,bigbuckbunny,10
4634.49,96.83187500000001,0.0,2,0.0,48,thresh_cat3.0_vmafFB,bigbuckbunny,11
3444.944207191977,89.09791666666668,54.29454854748334,21,0.0625,48,thresh_cat3.0_vmafFB,bigbuckbunny,12
2999.41438512015,81.97020833333332,37.21240490308248,26,0.08333333333333333,48,thresh_cat3.0_vmafFB,bigbuckbunny,13
4634.49,96.83187500000001,0.0,2,0.0,48,thresh_cat3.0_vmafFB,bigbuckbunny,14
3214.830691227461,83.24020833333331,32.92748410520082,23,0.22916666666666666,48,thresh_cat3.0_vmafFB,bigbuckbunny,15
3432.628083220547,83.98229166666667,18.448633330844597,20,0.125,48,thresh_cat3.0_vmafFB,bigbuckbunny,16
3449.037606864211,88.85562500000002,41.32296428485823,22,0.041666666666666664,48,thresh_cat3.0_vmafFB,bigbuckbunny,17
2966.5159540534896,81.61229166666665,37.046274945071374,25,0.08333333333333333,48,thresh_cat3.0_vmafFB,bigbuckbunny,18
3320.214944004739,85.07458333333332,18.50109689865075,25,0.041666666666666664,48,thresh_cat3.0_vmafFB,bigbuckbunny,19
-48.506713425048474,20.71291666666664,29.93177245942932,21,0.0625,48,thresh_cat3.0_vmafFB,crowd_run,0
2062.4200000000014,43.81354166666669,0.0,1,0.0,48,thresh_cat3.0_vmafFB,crowd_run,1
687.7252566666774,30.853541666666676,10.571068717698891,27,0.0,48,thresh_cat3.0_vmafFB,crowd_run,2
154.762269476418,22.65208333333332,9.606072011092788,21,0.0625,48,thresh_cat3.0_vmafFB,crowd_run,3
288.7754257915344,24.690624999999986,33.27332536439748,18,0.0625,48,thresh_cat3.0_vmafFB,crowd_run,4
35.335515708292974,28.205833333333327,41.546085791146645,28,0.041666666666666664,48,thresh_cat3.0_vmafFB,crowd_run,5
2062.4200000000014,43.81354166666669,0.0,1,0.0,48,thresh_cat3.0_vmafFB,crowd_run,6
-60.6005380292483,22.677499999999984,27.38015237757369,25,0.041666666666666664,48,thresh_cat3.0_vmafFB,crowd_run,7
-459.26038481545027,23.49854166666665,83.97897102900316,22,0.08333333333333333,48,thresh_cat3.0_vmafFB,crowd_run,8
2062.4200000000014,43.81354166666669,0.0,1,0.0,48,thresh_cat3.0_vmafFB,crowd_run,9
406.2864217542407,32.458541666666676,82.5040671324805,16,0.020833333333333332,48,thresh_cat3.0_vmafFB,crowd_run,10
2062.4200000000014,43.81354166666669,0.0,1,0.0,48,thresh_cat3.0_vmafFB,crowd_run,11
586.2822591101335,33.524791666666665,54.289939545768625,15,0.041666666666666664,48,thresh_cat3.0_vmafFB,crowd_run,12
129.1958472120931,23.490208333333314,30.85927238225617,20,0.041666666666666664,48,thresh_cat3.0_vmafFB,crowd_run,13
2062.4200000000014,43.81354166666669,0.0,1,0.0,48,thresh_cat3.0_vmafFB,crowd_run,14
74.67261989435853,26.506874999999983,32.59658189264068,23,0.041666666666666664,48,thresh_cat3.0_vmafFB,crowd_run,15
289.9463470673284,28.624166666666653,57.481062612968955,19,0.020833333333333332,48,thresh_cat3.0_vmafFB,crowd_run,16
560.4734214706351,33.163541666666674,41.262909221095455,18,0.041666666666666664,48,thresh_cat3.0_vmafFB,crowd_run,17
105.30816280047978,23.25229166666665,30.986172141414762,20,0.041666666666666664,48,thresh_cat3.0_vmafFB,crowd_run,18
312.25396922202253,26.992083333333323,22.741767293844166,22,0.020833333333333332,48,thresh_cat3.0_vmafFB,crowd_run,19
2940.9991555572874,82.45124999999996,61.23677863889429,20,0.1875,48,thresh_cat3.0_vmafFB,tearsofsteel_short,0
4624.41,96.99874999999999,0.0,2,0.0,48,thresh_cat3.0_vmafFB,tearsofsteel_short,1
3115.9204027273927,87.85770833333328,38.23396284794151,30,0.0625,48,thresh_cat3.0_vmafFB,tearsofsteel_short,2
3254.6333373953476,84.37999999999995,32.913839947268784,22,0.14583333333333334,48,thresh_cat3.0_vmafFB,tearsofsteel_short,3
3431.683462391349,85.7389583333333,34.12506511732673,23,0.10416666666666667,48,thresh_cat3.0_vmafFB,tearsofsteel_short,4
3249.011831472669,85.8220833333333,12.508256846818044,32,0.125,48,thresh_cat3.0_vmafFB,tearsofsteel_short,5
4624.41,96.99874999999999,0.0,2,0.0,48,thresh_cat3.0_vmafFB,tearsofsteel_short,6
3123.336138771026,83.7572916666666,27.826291331028497,30,0.16666666666666666,48,thresh_cat3.0_vmafFB,tearsofsteel_short,7
3273.0376868577637,84.56374999999996,36.8559003321506,27,0.22916666666666666,48,thresh_cat3.0_vmafFB,tearsofsteel_short,8
4656.04,97.37354166666665,0.0,5,0.0,48,thresh_cat3.0_vmafFB,tearsofsteel_short,9
2751.227833502357,87.76583333333326,94.80525272500508,27,0.020833333333333332,48,thresh_cat3.0_vmafFB,tearsofsteel_short,10
4661.969999999999,97.38999999999999,0.0,2,0.0,48,thresh_cat3.0_vmafFB,tearsofsteel_short,11
3324.935980942097,88.82416666666661,47.318800757982224,23,0.08333333333333333,48,thresh_cat3.0_vmafFB,tearsofsteel_short,12
3311.4030821456813,84.61749999999996,25.195847608323323,22,0.08333333333333333,48,thresh_cat3.0_vmafFB,tearsofsteel_short,13
4661.969999999999,97.38999999999999,0.0,2,0.0,48,thresh_cat3.0_vmafFB,tearsofsteel_short,14
3070.495379640434,85.9447916666666,58.054096458280554,23,0.14583333333333334,48,thresh_cat3.0_vmafFB,tearsofsteel_short,15
3230.0083846960697,85.05312499999994,39.34370340406112,21,0.125,48,thresh_cat3.0_vmafFB,tearsofsteel_short,16
3716.351528134328,90.79041666666666,34.94046413101622,19,0.041666666666666664,48,thresh_cat3.0_vmafFB,tearsofsteel_short,17
3272.863792904161,84.22624999999996,25.314463068778842,22,0.08333333333333333,48,thresh_cat3.0_vmafFB,tearsofsteel_short,18
3346.3157580313255,86.20083333333328,20.99009713767834,27,0.020833333333333332,48,thresh_cat3.0_vmafFB,tearsofsteel_short,19
3371.22160211316,84.90375,27.76749005412303,27,0.22916666666666666,48,thresh_cat3.0_vmafFB,sintel,0
4529.500000000001,95.94145833333333,0.0,34,0.0,48,thresh_cat3.0_vmafFB,sintel,1
3490.394566735451,89.29562499999999,24.524640657043175,33,0.041666666666666664,48,thresh_cat3.0_vmafFB,sintel,2
3552.8657571960603,86.51083333333334,23.213934448151576,24,0.08333333333333333,48,thresh_cat3.0_vmafFB,sintel,3
3617.5498176089754,87.54895833333336,36.79023527023076,20,0.14583333333333334,48,thresh_cat3.0_vmafFB,sintel,4
3381.3453611921514,89.25166666666665,48.67304249126072,33,0.08333333333333333,48,thresh_cat3.0_vmafFB,sintel,5
4551.22,96.23124999999999,0.0,36,0.0,48,thresh_cat3.0_vmafFB,sintel,6
3338.417232817114,85.53479166666669,30.63623633513647,32,0.1875,48,thresh_cat3.0_vmafFB,sintel,7
2927.131598613626,86.93999999999998,101.48115326869839,25,0.1875,48,thresh_cat3.0_vmafFB,sintel,8
4548.82,96.28125,0.0,38,0.0,48,thresh_cat3.0_vmafFB,sintel,9
3557.752539786585,91.87833333333327,82.02851989019064,19,0.08333333333333333,48,thresh_cat3.0_vmafFB,sintel,10
4551.02,96.25416666666666,0.0,37,0.0,48,thresh_cat3.0_vmafFB,sintel,11
3680.44484525305,91.63166666666662,54.50280459628747,21,0.08333333333333333,48,thresh_cat3.0_vmafFB,sintel,12
3763.1830190198893,86.79104166666666,12.443917269877756,20,0.08333333333333333,48,thresh_cat3.0_vmafFB,sintel,13
4547.52,96.28124999999999,0.0,39,0.0,48,thresh_cat3.0_vmafFB,sintel,14
3695.0377113409327,87.98437500000004,17.835790777503423,30,0.10416666666666667,48,thresh_cat3.0_vmafFB,sintel,15
3511.399014906034,88.26895833333329,41.84604955111018,24,0.16666666666666666,48,thresh_cat3.0_vmafFB,sintel,16
3671.904701026052,91.08187499999997,48.18014764703804,23,0.08333333333333333,48,thresh_cat3.0_vmafFB,sintel,17
3761.700724786718,86.79104166666666,12.623458722539011,20,0.08333333333333333,48,thresh_cat3.0_vmafFB,sintel,18
3740.8420867822765,88.39312499999998,13.56442747307694,27,0.041666666666666664,48,thresh_cat3.0_vmafFB,sintel,19
2694.744207787757,80.75729166666666,59.68699033578512,26,0.1875,48,thresh_cat4.0_vmafFB,bigbuckbunny,0
4595.299999999999,96.44145833333333,0.0,5,0.0,48,thresh_cat4.0_vmafFB,bigbuckbunny,1
3506.203098708138,89.22604166666663,32.93203746267692,29,0.0625,48,thresh_cat4.0_vmafFB,bigbuckbunny,2
3058.365969794011,82.40729166666665,35.904073426112944,25,0.10416666666666667,48,thresh_cat4.0_vmafFB,bigbuckbunny,3
3300.085019892927,85.21562499999999,41.325700109868265,24,0.10416666666666667,48,thresh_cat4.0_vmafFB,bigbuckbunny,4
3034.8144822831227,83.19604166666666,16.240978405629434,31,0.14583333333333334,48,thresh_cat4.0_vmafFB,bigbuckbunny,5
4595.299999999999,96.44145833333333,0.0,5,0.0,48,thresh_cat4.0_vmafFB,bigbuckbunny,6
2874.1568347132447,82.3177083333333,47.054646958182424,30,0.125,48,thresh_cat4.0_vmafFB,bigbuckbunny,7
2963.656526379568,83.62958333333329,76.72643818076928,26,0.20833333333333334,48,thresh_cat4.0_vmafFB,bigbuckbunny,8
4627.979999999999,96.76499999999999,0.0,5,0.0,48,thresh_cat4.0_vmafFB,bigbuckbunny,9
2793.687094060485,87.260625,85.93179577755755,26,0.0,48,thresh_cat4.0_vmafFB,bigbuckbunny,10
4634.49,96.83187500000001,0.0,2,0.0,48,thresh_cat4.0_vmafFB,bigbuckbunny,11
3444.944207191977,89.09791666666668,54.29454854748334,21,0.0625,48,thresh_cat4.0_vmafFB,bigbuckbunny,12
2823.3727213516913,82.60687499999999,54.833730456432626,28,0.041666666666666664,48,thresh_cat4.0_vmafFB,bigbuckbunny,13
4634.49,96.83187500000001,0.0,2,0.0,48,thresh_cat4.0_vmafFB,bigbuckbunny,14
3029.5448373840654,83.84249999999997,58.871749347860224,24,0.22916666666666666,48,thresh_cat4.0_vmafFB,bigbuckbunny,15
3157.6623586598444,84.40270833333334,52.55058640263515,20,0.0625,48,thresh_cat4.0_vmafFB,bigbuckbunny,16
3449.037606864211,88.85562500000002,41.32296428485823,22,0.041666666666666664,48,thresh_cat4.0_vmafFB,bigbuckbunny,17
2790.4742902850307,82.24895833333332,54.66760049842151,27,0.041666666666666664,48,thresh_cat4.0_vmafFB,bigbuckbunny,18
3109.408724294341,85.21624999999999,43.211152580627285,25,0.020833333333333332,48,thresh_cat4.0_vmafFB,bigbuckbunny,19
-48.506713425048474,20.71291666666664,29.93177245942932,21,0.0625,48,thresh_cat4.0_vmafFB,crowd_run,0
2062.4200000000014,43.81354166666669,0.0,1,0.0,48,thresh_cat4.0_vmafFB,crowd_run,1
687.7252566666774,30.853541666666676,10.571068717698891,27,0.0,48,thresh_cat4.0_vmafFB,crowd_run,2
-106.05766012731999,23.498541666666654,36.276363872010634,23,0.041666666666666664,48,thresh_cat4.0_vmafFB,crowd_run,3
288.7754257915344,24.690624999999986,33.27332536439748,18,0.0625,48,thresh_cat4.0_vmafFB,crowd_run,4
-112.35252264007065,27.59729166666666,53.13015051357443,29,0.041666666666666664,48,thresh_cat4.0_vmafFB,crowd_run,5
2062.4200000000014,43.81354166666669,0.0,1,0.0,48,thresh_cat4.0_vmafFB,crowd_run,6
-60.6005380292483,22.677499999999984,27.38015237757369,25,0.041666666666666664,48,thresh_cat4.0_vmafFB,crowd_run,7
-459.26038481545027,23.49854166666665,83.97897102900316,22,0.08333333333333333,48,thresh_cat4.0_vmafFB,crowd_run,8
2062.4200000000014,43.81354166666669,0.0,1,0.0,48,thresh_cat4.0_vmafFB,crowd_run,9
302.2616392413504,32.89020833333334,97.61365803762709,16,0.0,48,thresh_cat4.0_vmafFB,crowd_run,10
2062.4200000000014,43.81354166666669,0.0,1,0.0,48,thresh_cat4.0_vmafFB,crowd_run,11
586.2822591101335,33.524791666666665,54.289939545768625,15,0.041666666666666664,48,thresh_cat4.0_vmafFB,crowd_run,12
129.1958472120931,23.490208333333314,30.85927238225617,20,0.041666666666666664,48,thresh_cat4.0_vmafFB,crowd_run,13
2062.4200000000014,43.81354166666669,0.0,1,0.0,48,thresh_cat4.0_vmafFB,crowd_run,14
74.67261989435853,26.506874999999983,32.59658189264068,23,0.041666666666666664,48,thresh_cat4.0_vmafFB,crowd_run,15
289.9463470673284,28.624166666666653,57.481062612968955,19,0.020833333333333332,48,thresh_cat4.0_vmafFB,crowd_run,16
438.2699624844614,33.76375000000001,59.55426810992467,18,0.0,48,thresh_cat4.0_vmafFB,crowd_run,17
105.30816280047978,23.25229166666665,30.986172141414762,20,0.041666666666666664,48,thresh_cat4.0_vmafFB,crowd_run,18
312.25396922202253,26.992083333333323,22.741767293844166,22,0.020833333333333332,48,thresh_cat4.0_vmafFB,crowd_run,19
2940.9991555572874,82.45124999999996,61.23677863889429,20,0.1875,48,thresh_cat4.0_vmafFB,tearsofsteel_short,0
4624.41,96.99874999999999,0.0,2,0.0,48,thresh_cat4.0_vmafFB,tearsofsteel_short,1
3019.9872064142755,87.97583333333328,49.16700503703031,30,0.020833333333333332,48,thresh_cat4.0_vmafFB,tearsofsteel_short,2
3050.8419606773223,85.06437499999996,60.41885166214583,23,0.08333333333333333,48,thresh_cat4.0_vmafFB,tearsofsteel_short,3
3431.683462391349,85.7389583333333,34.12506511732673,23,0.10416666666666667,48,thresh_cat4.0_vmafFB,tearsofsteel_short,4
3249.011831472669,85.8220833333333,12.508256846818044,32,0.125,48,thresh_cat4.0_vmafFB,tearsofsteel_short,5
4624.41,96.99874999999999,0.0,2,0.0,48,thresh_cat4.0_vmafFB,tearsofsteel_short,6
2862.883759109144,83.93999999999994,59.06204468154726,31,0.125,48,thresh_cat4.0_vmafFB,tearsofsteel_short,7
3141.2631726250543,84.79229166666663,58.28813316072495,26,0.1875,48,thresh_cat4.0_vmafFB,tearsofsteel_short,8
4656.04,97.37354166666665,0.0,5,0.0,48,thresh_cat4.0_vmafFB,tearsofsteel_short,9
2751.227833502357,87.76583333333326,94.80525272500508,27,0.020833333333333332,48,thresh_cat4.0_vmafFB,tearsofsteel_short,10
4661.969999999999,97.38999999999999,0.0,2,0.0,48,thresh_cat4.0_vmafFB,tearsofsteel_short,11
3212.5747445258194,89.05270833333327,62.25717726189178,23,0.0625,48,thresh_cat4.0_vmafFB,tearsofsteel_short,12
2846.503561634144,84.53916666666662,56.915750771057915,29,0.020833333333333332,48,thresh_cat4.0_vmafFB,tearsofsteel_short,13
4661.969999999999,97.38999999999999,0.0,2,0.0,48,thresh_cat4.0_vmafFB,tearsofsteel_short,14
3070.495379640434,85.9447916666666,58.054096458280554,23,0.14583333333333334,48,thresh_cat4.0_vmafFB,tearsofsteel_short,15
3003.259659445329,85.35249999999995,74.16670791602095,20,0.0625,48,thresh_cat4.0_vmafFB,tearsofsteel_short,16
3716.351528134328,90.79041666666666,34.94046413101622,19,0.041666666666666664,48,thresh_cat4.0_vmafFB,tearsofsteel_short,17
2807.9642723926227,84.1479166666666,57.034366231513424,29,0.020833333333333332,48,thresh_cat4.0_vmafFB,tearsofsteel_short,18
3346.3157580313255,86.20083333333328,20.99009713767834,27,0.020833333333333332,48,thresh_cat4.0_vmafFB,tearsofsteel_short,19
3128.827974493231,84.85270833333334,51.3144410739787,28,0.20833333333333334,48,thresh_cat4.0_vmafFB,sintel,0
4529.500000000001,95.94145833333333,0.0,34,0.0,48,thresh_cat4.0_vmafFB,sintel,1
3490.394566735451,89.29562499999999,24.524640657043175,33,0.041666666666666664,48,thresh_cat4.0_vmafFB,sintel,2
3552.8657571960603,86.51083333333334,23.213934448151576,24,0.08333333333333333,48,thresh_cat4.0_vmafFB,sintel,3
3281.3635149259644,87.60229166666669,72.59041728125433,21,0.10416666666666667,48,thresh_cat4.0_vmafFB,sintel,4
3266.8314040574473,88.87979166666666,59.77090551629766,33,0.08333333333333333,48,thresh_cat4.0_vmafFB,sintel,5
4551.22,96.23124999999999,0.0,36,0.0,48,thresh_cat4.0_vmafFB,sintel,6
3338.417232817114,85.53479166666669,30.63623633513647,32,0.1875,48,thresh_cat4.0_vmafFB,sintel,7
2770.8670436905413,86.88979166666667,114.59095885531238,26,0.14583333333333334,48,thresh_cat4.0_vmafFB,sintel,8
4548.82,96.28125,0.0,38,0.0,48,thresh_cat4.0_vmafFB,sintel,9
3394.9456820173095,92.35520833333328,98.9758137091437,21,0.041666666666666664,48,thresh_cat4.0_vmafFB,sintel,10
4551.02,96.25416666666666,0.0,37,0.0,48,thresh_cat4.0_vmafFB,sintel,11
3680.44484525305,91.63166666666662,54.50280459628747,21,0.08333333333333333,48,thresh_cat4.0_vmafFB,sintel,12
3523.3902920109704,86.44854166666666,34.58208672347756,21,0.0625,48,thresh_cat4.0_vmafFB,sintel,13
4547.52,96.28124999999999,0.0,39,0.0,48,thresh_cat4.0_vmafFB,sintel,14
3622.004253309839,88.03687500000002,26.37666505452543,30,0.0625,48,thresh_cat4.0_vmafFB,sintel,15
3428.855397729126,88.1433333333333,51.42860977118152,23,0.14583333333333334,48,thresh_cat4.0_vmafFB,sintel,16
3671.904701026052,91.08187499999997,48.18014764703804,23,0.08333333333333333,48,thresh_cat4.0_vmafFB,sintel,17
3521.907997777799,86.44854166666666,34.761628176138814,21,0.0625,48,thresh_cat4.0_vmafFB,sintel,18
3740.8420867822765,88.39312499999998,13.56442747307694,27,0.041666666666666664,48,thresh_cat4.0_vmafFB,sintel,19
