arm,episode,rebuffer_total,rebuffer_p95_chunk,rebuffer_p99_chunk,stallfree,vmaf_mean,bitrate_mean_kbps,buffer_mean,interv_rate,conformal_coverage
raw,0,0.0,0.0,0.0,1.0,95.19,1200.0,11.557762480577722,0.0,nan
raw,1,0.0,0.0,0.0,1.0,92.94916666666666,1227.0833333333333,11.581278590205775,0.0,nan
raw,2,0.0,0.0,0.0,1.0,24.75,1200.0,11.354109457596273,0.0,nan
raw,3,0.26479506021198773,0.0,0.1403413819123538,0.0,90.34000000000002,1200.0,11.633606208962812,0.0,nan
raw,4,0.7457580475869074,0.0,0.3750745331561809,0.0,24.75,1200.0,11.375350358461839,0.0,nan
raw,5,1.2632040594335336,0.0,0.6694981514997743,0.0,90.34000000000002,1200.0,11.357140456660145,0.0,nan
raw,6,0.0,0.0,0.0,1.0,24.75,1200.0,11.737126529404135,0.0,nan
raw,7,3.3835606797347353,0.0,1.7932871602594136,0.0,95.19,1200.0,11.309435408992565,0.0,nan
raw,8,0.0,0.0,0.0,1.0,90.34000000000002,1200.0,11.690074400823477,0.0,nan
raw,9,0.0,0.0,0.0,1.0,24.75,1200.0,11.448804521783828,0.0,nan
raw,10,0.0,0.0,0.0,1.0,24.75,1200.0,11.514423909661128,0.0,nan
raw,11,0.0,0.0,0.0,1.0,90.34000000000002,1200.0,11.488865403522672,0.0,nan
raw,12,0.0,0.0,0.0,1.0,24.75,1200.0,11.614221291994818,0.0,nan
raw,13,0.36851587499812366,0.0,0.19531341374900596,0.0,95.19,1200.0,11.550927421453656,0.0,nan
raw,14,0.0,0.0,0.0,1.0,24.75,1200.0,11.601353746902026,0.0,nan
raw,15,1.5911037114441626,0.0,0.843284967065408,0.0,24.75,1200.0,11.34090835708768,0.0,nan
raw,16,2.6113216408267395,0.0,1.3447951541733048,0.0,24.75,1200.0,11.077818804943485,0.0,nan
raw,17,0.0,0.0,0.0,1.0,92.82,1200.0,11.460285688242202,0.0,nan
raw,18,0.0,0.0,0.0,1.0,92.82,1200.0,11.304914024456508,0.0,nan
raw,19,0.0,0.0,0.0,1.0,90.34000000000002,1200.0,11.583001026855078,0.0,nan
raw,20,9.434889491193628,0.0,4.837743597061656,0.0,92.94916666666666,1227.0833333333333,11.189621702495854,0.0,nan
raw,21,0.38196807901811236,0.0,0.20244308187959997,0.0,95.19,1200.0,11.40912106614615,0.0,nan
raw,22,0.0,0.0,0.0,1.0,92.82,1200.0,11.749169505465147,0.0,nan
raw,23,0.0,0.0,0.0,1.0,90.34000000000002,1200.0,11.724203184244393,0.0,nan
raw,24,0.042415934110936915,0.0,0.022480445078796613,0.0,24.75,1200.0,11.686261254383458,0.0,nan
raw,25,0.0,0.0,0.0,1.0,24.75,1200.0,11.513125545317907,0.0,nan
raw,26,0.0,0.0,0.0,1.0,24.75,1200.0,11.558894444519495,0.0,nan
raw,27,0.0,0.0,0.0,1.0,24.75,1200.0,11.506780560951745,0.0,nan
raw,28,2.06191394826714,0.0,1.0928143925815865,0.0,24.75,1200.0,11.433864437466086,0.0,nan
raw,29,0.0,0.0,0.0,1.0,24.75,1200.0,11.53717288596294,0.0,nan
raw,30,0.7345206215571847,0.0,0.3892959294253087,0.0,90.34000000000002,1200.0,11.282993892545377,0.0,nan
raw,31,0.0,0.0,0.0,1.0,92.82,1200.0,11.741462746834278,0.0,nan
raw,32,0.3637937492109158,0.0,0.19281068708178578,0.0,90.34000000000002,1200.0,11.437886292174547,0.0,nan
raw,33,0.0,0.0,0.0,1.0,24.75,1200.0,11.542387613346856,0.0,nan
raw,34,0.01867556712786811,0.0,0.009898050577770118,0.0,24.75,1200.0,11.58570228654702,0.0,nan
raw,35,0.0,0.0,0.0,1.0,95.19,1200.0,11.662652865304835,0.0,nan
raw,36,0.0,0.0,0.0,1.0,90.34000000000002,1200.0,11.520867399728525,0.0,nan
raw,37,0.18851254693351915,0.0,0.09991164987476536,0.0,90.34000000000002,1200.0,11.65023750601778,0.0,nan
raw,38,0.7148569398327724,0.0,0.3788741781113702,0.0,90.34000000000002,1200.0,11.65023750601778,0.0,nan
raw,39,6.037292761109484,0.0,3.199765163388033,0.0,24.75,1200.0,11.365845395790481,0.0,nan
raw,40,2.629262678024414,0.0,1.3935092193529426,0.0,90.34000000000002,1200.0,11.415997311437385,0.0,nan
raw,41,0.0,0.0,0.0,1.0,92.82,1200.0,11.41656610633431,0.0,nan
raw,42,0.0,0.0,0.0,1.0,92.82,1200.0,11.682146428217626,0.0,nan
raw,43,0.4288261129141573,0.0,0.22727783984450384,0.0,24.75,1200.0,11.50865652742342,0.0,nan
raw,44,0.0,0.0,0.0,1.0,90.34000000000002,1200.0,11.734644924961577,0.0,nan
raw,45,0.0,0.0,0.0,1.0,24.75,1200.0,11.472575635627905,0.0,nan
raw,46,0.1650876465706883,0.0,0.08749645268246499,0.0,95.19,1200.0,11.270719847622827,0.0,nan
raw,47,0.0,0.0,0.0,1.0,95.19,1200.0,11.579926367329941,0.0,nan
raw,48,0.2667986978379162,0.0,0.14140330985409588,0.0,24.75,1200.0,11.322438744665613,0.0,nan
raw,49,6.680905411379175,0.0,3.5408798680309705,0.0,92.82,1200.0,11.30531599616009,0.0,nan
raw,50,1.9945148527364551,0.0,1.0441795946415104,0.0,90.34000000000002,1200.0,11.391647494097427,0.0,nan
raw,51,4.514098924623891,0.0,2.3924724300506672,0.0,95.19,1200.0,11.343110128245621,0.0,nan
raw,52,0.0,0.0,0.0,1.0,24.75,1200.0,11.401160641329236,0.0,nan
raw,53,0.0,0.0,0.0,1.0,90.34000000000002,1200.0,11.422194542761185,0.0,nan
raw,54,0.0,0.0,0.0,1.0,90.34000000000002,1200.0,11.5903998254957,0.0,nan
raw,55,0.6588411080212238,0.0,0.3491857872512493,0.0,90.34000000000002,1200.0,11.557610042897629,0.0,nan
raw,56,7.089286536670395,0.16814318581903925,3.5879916978435316,0.0,24.75,1200.0,11.15648482178677,0.0,nan
raw,57,0.0,0.0,0.0,1.0,92.82,1200.0,11.442052945919066,0.0,nan
raw,58,0.0,0.0,0.0,1.0,92.82,1200.0,11.3850079779259,0.0,nan
raw,59,0.0,0.0,0.0,1.0,24.75,1200.0,11.523260035527104,0.0,nan
raw,60,0.15548811099551318,0.0,0.08240869882762217,0.0,95.19,1200.0,11.564579790887185,0.0,nan
raw,61,0.0,0.0,0.0,1.0,92.94916666666666,1227.0833333333333,11.658246792762597,0.0,nan
raw,62,0.0,0.0,0.0,1.0,92.82,1200.0,11.66194163638374,0.0,nan
raw,63,0.0,0.0,0.0,1.0,90.34000000000002,1200.0,11.724886218898488,0.0,nan
raw,64,6.680905411379175,0.0,3.5408798680309705,0.0,92.94916666666666,1227.0833333333333,11.288822326739854,0.0,nan
raw,65,0.0,0.0,0.0,1.0,92.82,1200.0,11.642573109667529,0.0,nan
raw,66,1.9752724241440465,0.0,1.0468943847963468,0.0,92.94916666666666,1227.0833333333333,11.46225074301548,0.0,nan
raw,67,0.0,0.0,0.0,1.0,95.19500000000001,1227.0833333333333,11.483366092934693,0.0,nan
raw,68,1.4376118542704557,0.0,0.7619342827633432,0.0,95.19,1200.0,11.271674328844618,0.0,nan
raw,69,0.0,0.0,0.0,1.0,24.75,1200.0,11.688826891864233,0.0,nan
raw,70,0.0,0.0,0.0,1.0,95.19,1200.0,11.403542792102106,0.0,nan
raw,71,4.430588436279141,0.0,2.34821187122795,0.0,24.75,1200.0,11.335114476168387,0.0,nan
raw,72,0.0,0.0,0.0,1.0,92.82,1200.0,11.480298718003262,0.0,nan
raw,73,0.0,0.0,0.0,1.0,90.34000000000002,1200.0,11.726259299999489,0.0,nan
raw,74,0.0,0.0,0.0,1.0,24.75,1200.0,11.614955774264251,0.0,nan
raw,75,0.0,0.0,0.0,1.0,92.94916666666666,1227.0833333333333,11.518705979203313,0.0,nan
raw,76,0.3614453406584901,0.0,0.19156603054900018,0.0,90.34000000000002,1200.0,11.463301986581135,0.0,nan
raw,77,7.2575217753926555,0.2774960909885083,3.5879916978435316,0.0,24.75,1200.0,11.15648482178677,0.0,nan
raw,78,6.922967823923029,0.0,3.5684389757287174,0.0,92.94916666666666,1227.0833333333333,11.164029267428697,0.0,nan
raw,79,0.0,0.0,0.0,1.0,95.19,1200.0,11.638624589322637,0.0,nan
raw,80,0.0,0.0,0.0,1.0,24.75,1200.0,11.520782900521633,0.0,nan
raw,81,0.0,0.0,0.0,1.0,24.75,1200.0,11.604158683736438,0.0,nan
raw,82,0.0,0.0,0.0,1.0,24.75,1200.0,11.568689538282024,0.0,nan
raw,83,0.0,0.0,0.0,1.0,24.75,1200.0,11.423928261568884,0.0,nan
raw,84,0.2577765552983474,0.0,0.13662157430812444,0.0,95.19,1200.0,11.305475374946568,0.0,nan
raw,85,0.0,0.0,0.0,1.0,24.75,1200.0,11.49678972964715,0.0,nan
raw,86,0.05734294724242861,0.0,0.03039176203848723,0.0,24.75,1200.0,11.441796371542429,0.0,nan
raw,87,2.5662850631278697,0.0,1.3129115935254747,0.0,90.34000000000002,1200.0,11.391647494097427,0.0,nan
raw,88,0.3819484033037336,0.0,0.20243265375097924,0.0,95.19,1200.0,11.453905914757007,0.0,nan
raw,89,0.1650876465706883,0.0,0.08749645268246499,0.0,95.19,1200.0,11.268763720155201,0.0,nan
raw,90,0.20155775313506263,0.0,0.10682560916158343,0.0,90.34000000000002,1200.0,11.668951517924624,0.0,nan
raw,91,0.043198858914955895,0.0,0.022895395224926673,0.0,24.75,1200.0,11.42940126679728,0.0,nan
raw,92,0.0,0.0,0.0,1.0,92.82,1200.0,11.6463920515193,0.0,nan
raw,93,0.0,0.0,0.0,1.0,92.82,1200.0,11.525915572110142,0.0,nan
raw,94,0.018372905160701558,0.0,0.009737639735171846,0.0,24.75,1200.0,11.322438744665613,0.0,nan
raw,95,0.0,0.0,0.0,1.0,95.19,1200.0,11.516087703576673,0.0,nan
raw,96,0.0,0.0,0.0,1.0,24.75,1200.0,11.711599400732629,0.0,nan
raw,97,0.0,0.0,0.0,1.0,95.19,1200.0,11.55038175163947,0.0,nan
raw,98,0.0,0.0,0.0,1.0,24.75,1200.0,11.532157021648965,0.0,nan
raw,99,8.682482283818253,0.0,4.601715610423684,0.0,95.19,1200.0,11.362760006662091,0.0,nan
raw,100,0.3486857395302905,0.0,0.18480344195105436,0.0,90.34000000000002,1200.0,11.633606208962812,0.0,nan
raw,101,0.34937235731736216,0.0,0.18516734937820234,0.0,95.19,1200.0,11.468760012970364,0.0,nan
raw,102,0.5358478068809785,0.0,0.28399933764691926,0.0,90.34000000000002,1200.0,11.506485549209748,0.0,nan
raw,103,0.0,0.0,0.0,1.0,90.34000000000002,1200.0,11.346060504998967,0.0,nan
raw,104,0.0,0.0,0.0,1.0,92.82,1200.0,11.43453884356804,0.0,nan
raw,105,0.0,0.0,0.0,1.0,92.82,1200.0,11.703606362278933,0.0,nan
raw,106,0.0,0.0,0.0,1.0,90.34000000000002,1200.0,11.631696009241352,0.0,nan
raw,107,0.0,0.0,0.0,1.0,92.94916666666666,1227.0833333333333,11.316326713878887,0.0,nan
raw,108,0.0,0.0,0.0,1.0,92.94916666666666,1227.0833333333333,11.626837919958932,0.0,nan
raw,109,0.14262591369181798,0.0,0.0755917342566637,0.0,24.75,1200.0,11.553208166691734,0.0,nan
raw,110,0.0,0.0,0.0,1.0,24.75,1200.0,11.484642656442835,0.0,nan
raw,111,0.0,0.0,0.0,1.0,92.88458333333331,1213.5416666666667,11.465165571815549,0.0,nan
raw,112,0.0,0.0,0.0,1.0,95.19,1200.0,11.534830948836037,0.0,nan
raw,113,0.0,0.0,0.0,1.0,92.82,1200.0,11.612031948764601,0.0,nan
raw,114,0.0,0.0,0.0,1.0,95.19,1200.0,11.665873353532467,0.0,nan
raw,115,0.0,0.0,0.0,1.0,95.19,1200.0,11.369637504142412,0.0,nan
raw,116,0.0,0.0,0.0,1.0,95.19,1200.0,11.451342686099872,0.0,nan
raw,117,0.0,0.0,0.0,1.0,92.94916666666666,1227.0833333333333,11.726903680074686,0.0,nan
raw,118,0.0,0.0,0.0,1.0,92.94916666666666,1227.0833333333333,11.717923570429667,0.0,nan
raw,119,3.3316477442229004,0.0,1.765773304438141,0.0,92.82,1200.0,11.492473607913809,0.0,nan
raw,120,0.0,0.0,0.0,1.0,24.75,1200.0,11.419402871224099,0.0,nan
raw,121,0.0,0.0,0.0,1.0,95.19,1200.0,11.564395273673298,0.0,nan
raw,122,0.0,0.0,0.0,1.0,92.82,1200.0,11.671335516420589,0.0,nan
raw,123,5.639318128630279,0.0,2.9888386081740546,0.0,90.34000000000002,1200.0,11.26726257236873,0.0,nan
raw,124,0.0,0.0,0.0,1.0,92.94916666666666,1227.0833333333333,11.460093231087598,0.0,nan
raw,125,0.0,0.0,0.0,1.0,24.75,1200.0,11.619928652929078,0.0,nan
raw,126,0.0,0.0,0.0,1.0,95.19,1200.0,11.38050794019209,0.0,nan
raw,127,1.9286364188691483,0.0,1.0221773020006508,0.0,95.19,1200.0,11.334936085649483,0.0,nan
raw,128,0.0,0.0,0.0,1.0,24.75,1200.0,11.458846633936668,0.0,nan
raw,129,0.0,0.0,0.0,1.0,92.88458333333331,1213.5416666666667,11.536480989160117,0.0,nan
raw,130,2.6113216408267395,0.0,1.3447951541733048,0.0,24.75,1200.0,11.070964114534585,0.0,nan
raw,131,0.6601321228905717,0.0,0.3498700251320037,0.0,90.34000000000002,1200.0,11.670301688823443,0.0,nan
raw,132,0.0,0.0,0.0,1.0,92.82,1200.0,11.444212032145543,0.0,nan
raw,133,0.0,0.0,0.0,1.0,92.82,1200.0,11.671169256301871,0.0,nan
raw,134,0.3065664801123873,0.0,0.1624802344595656,0.0,24.75,1200.0,11.334718568049995,0.0,nan
raw,135,3.3316477442229004,0.0,1.765773304438141,0.0,92.82,1200.0,11.470795024994395,0.0,nan
raw,136,0.3644708545254054,0.0,0.19316955289846527,0.0,90.34000000000002,1200.0,11.655695183491135,0.0,nan
raw,137,0.0,0.0,0.0,1.0,92.82,1200.0,11.438115615108103,0.0,nan
raw,138,0.0,0.0,0.0,1.0,90.34000000000002,1200.0,11.55542863483212,0.0,nan
raw,139,0.14386842428524704,0.0,0.0762502648711811,0.0,90.34000000000002,1200.0,11.668951517924624,0.0,nan
raw,140,0.0,0.0,0.0,1.0,92.94916666666666,1227.0833333333333,11.519089985863156,0.0,nan
raw,141,0.0,0.0,0.0,1.0,24.75,1200.0,11.541870760695213,0.0,nan
raw,142,8.691128793093363,0.0,4.605779469782985,0.0,95.19,1200.0,11.307888076040653,0.0,nan
raw,143,2.629262678024414,0.0,1.3935092193529426,0.0,90.34000000000002,1200.0,11.353486595433907,0.0,nan
raw,144,2.328096748530667,0.0,1.2338912767212562,0.0,90.34000000000002,1200.0,11.204304714245502,0.0,nan
raw,145,2.943674846512331,0.0,1.548173344141694,0.0,95.19,1200.0,11.308224009450619,0.0,nan
raw,146,12.534764528485784,0.0,6.64342520009748,0.0,95.19,1200.0,11.450750011125523,0.0,nan
raw,147,0.0,0.0,0.0,1.0,90.34000000000002,1200.0,11.713455187899479,0.0,nan
raw,148,0.0,0.0,0.0,1.0,95.19,1200.0,11.592229585628182,0.0,nan
raw,149,0.0,0.0,0.0,1.0,92.82,1200.0,11.342511407619048,0.0,nan
raw,150,0.0,0.0,0.0,1.0,92.82,1200.0,11.567899417711075,0.0,nan
raw,151,0.10762628151551545,0.0,0.05704192920322331,0.0,24.75,1200.0,11.40346652514428,0.0,nan
raw,152,6.262868105174446,0.0,3.176134778855092,0.0,92.94916666666666,1227.0833333333333,11.166203855314494,0.0,nan
raw,153,0.0,0.0,0.0,1.0,95.19,1200.0,11.662821061969225,0.0,nan
raw,154,0.39624207905403563,0.0,0.21000830189863934,0.0,95.19,1200.0,11.586304770241945,0.0,nan
raw,155,6.098997348415363,0.0,3.2324685946601495,0.0,90.34000000000002,1200.0,11.370358828659747,0.0,nan
raw,156,3.1636053289209634,0.0,1.64465026527432,0.0,90.34000000000002,1200.0,11.342637314081488,0.0,nan
raw,157,3.9839525562415563,0.0,2.0727337832896433,0.0,90.34000000000002,1200.0,11.17612150796701,0.0,nan
raw,158,0.0,0.0,0.0,1.0,24.75,1200.0,11.484243157394786,0.0,nan
raw,159,0.0,0.0,0.0,1.0,90.34000000000002,1200.0,11.483947270981034,0.0,nan
raw,160,0.0,0.0,0.0,1.0,90.34000000000002,1200.0,11.53700974047043,0.0,nan
raw,161,3.9839525562415563,0.0,2.0727337832896433,0.0,90.34000000000002,1200.0,11.159554610797054,0.0,nan
raw,162,1.9752724241440465,0.0,1.0468943847963468,0.0,92.94916666666666,1227.0833333333333,11.374677133172481,0.0,nan
raw,163,4.430588436279141,0.0,2.34821187122795,0.0,24.75,1200.0,11.33752981811586,0.0,nan
raw,164,7.855602341614041,0.0,4.16346924105545,0.0,90.34000000000002,1200.0,11.355317384693123,0.0,nan
raw,165,0.0,0.0,0.0,1.0,24.75,1200.0,11.370764146094203,0.0,nan
raw,166,0.0,0.0,0.0,1.0,95.19,1200.0,11.609185606109804,0.0,nan
raw,167,0.11103600928318791,0.0,0.058849084920089716,0.0,90.34000000000002,1200.0,11.61551722641461,0.0,nan
raw,168,0.0,0.0,0.0,1.0,90.34000000000002,1200.0,11.343019400904806,0.0,nan
raw,169,0.0,0.0,0.0,1.0,92.82,1200.0,11.508811480988351,0.0,nan
raw,170,0.0,0.0,0.0,1.0,24.75,1200.0,11.525557101233128,0.0,nan
raw,171,0.0,0.0,0.0,1.0,92.82,1200.0,11.711495770859067,0.0,nan
raw,172,6.922967823923029,0.0,3.5684389757287174,0.0,92.82,1200.0,11.203432997396254,0.0,nan
raw,173,0.0,0.0,0.0,1.0,95.19,1200.0,11.638616704919505,0.0,nan
raw,174,0.0,0.0,0.0,1.0,24.75,1200.0,11.565565059411322,0.0,nan
raw,175,0.0,0.0,0.0,1.0,24.75,1200.0,11.339819073046057,0.0,nan
raw,176,0.6672768281590091,0.0,0.3536567189242756,0.0,90.34000000000002,1200.0,11.353193641647232,0.0,nan
raw,177,0.0,0.0,0.0,1.0,24.75,1200.0,11.533832121679268,0.0,nan
raw,178,0.47647180981127546,0.0,0.2511411591359164,0.0,90.34000000000002,1200.0,11.160045071592386,0.0,nan
raw,179,0.0,0.0,0.0,1.0,90.34000000000002,1200.0,11.476245627496377,0.0,nan
raw,180,0.0,0.0,0.0,1.0,90.34000000000002,1200.0,11.520247044763499,0.0,nan
raw,181,0.0,0.0,0.0,1.0,92.94916666666666,1227.0833333333333,11.720996110926146,0.0,nan
raw,182,2.328096748530667,0.0,1.2338912767212562,0.0,90.34000000000002,1200.0,11.202989417502636,0.0,nan
raw,183,0.42093730791261774,0.0,0.22309677319368787,0.0,95.19,1200.0,11.588237955231662,0.0,nan
raw,184,0.0,0.0,0.0,1.0,95.19,1200.0,11.725820242592386,0.0,nan
raw,185,0.38117411132600876,0.0,0.20202227900278508,0.0,24.75,1200.0,11.333534851126885,0.0,nan
raw,186,8.507662355149751,0.0,4.509061048229378,0.0,92.82,1200.0,11.339296819365016,0.0,nan
raw,187,0.0,0.0,0.0,1.0,95.19,1200.0,11.328993609090125,0.0,nan
raw,188,0.0,0.0,0.0,1.0,90.34000000000002,1200.0,11.561663762060874,0.0,nan
raw,189,2.8479974730884865,0.0,1.4963145730330563,0.0,90.34000000000002,1200.0,11.342637314081488,0.0,nan
raw,190,0.0,0.0,0.0,1.0,24.75,1200.0,11.520339550875486,0.0,nan
raw,191,0.0,0.0,0.0,1.0,95.19,1200.0,11.563042072683425,0.0,nan
raw,192,0.0,0.0,0.0,1.0,95.19,1200.0,11.402823560928214,0.0,nan
raw,193,0.0,0.0,0.0,1.0,92.82,1200.0,11.40194694761375,0.0,nan
raw,194,0.0,0.0,0.0,1.0,92.88458333333331,1213.5416666666667,11.494844781935976,0.0,nan
raw,195,0.0,0.0,0.0,1.0,92.82,1200.0,11.52626238311325,0.0,nan
raw,196,0.5886531731295988,0.0,0.31198618175868803,0.0,24.75,1200.0,11.47308139186273,0.0,nan
raw,197,0.3283148463926874,0.0,0.17400686858812467,0.0,95.19,1200.0,11.474413817815181,0.0,nan
raw,198,0.0,0.0,0.0,1.0,24.75,1200.0,11.600135312161155,0.0,nan
raw,199,0.0,0.0,0.0,1.0,24.75,1200.0,11.644969584347129,0.0,nan
safety,0,0.0,0.0,0.0,1.0,94.765625,1181.25,11.59189785703879,0.020833333333333332,0.8958333333333334
safety,1,0.0,0.0,0.0,1.0,92.29979166666665,1181.25,11.617421227847823,0.020833333333333332,0.9166666666666666
safety,2,0.0,0.0,0.0,1.0,24.31833333333333,1181.25,11.398080749333545,0.020833333333333332,0.8958333333333334
safety,3,0.0,0.0,0.0,1.0,89.84500000000003,1181.25,11.682988998282019,0.020833333333333332,0.9166666666666666
safety,4,0.4094708465055721,0.0,0.21701954864795367,0.0,23.886666666666667,1162.5,11.427589811540983,0.041666666666666664,0.8958333333333334
safety,5,1.2632040594335336,0.0,0.6694981514997743,0.0,89.84500000000003,1181.25,11.402407300537526,0.020833333333333332,0.875
safety,6,0.0,0.0,0.0,1.0,24.31833333333333,1181.25,11.784137237197726,0.020833333333333332,0.875
safety,7,3.3835606797347353,0.0,1.7932871602594136,0.0,94.765625,1181.25,11.336924873126014,0.020833333333333332,0.8958333333333334
safety,8,0.0,0.0,0.0,1.0,89.84500000000003,1181.25,11.735569971858844,0.020833333333333332,0.8958333333333334
safety,9,0.0,0.0,0.0,1.0,24.31833333333333,1181.25,11.497817481502578,0.020833333333333332,0.8958333333333334
safety,10,0.0,0.0,0.0,1.0,24.31833333333333,1181.25,11.562636907978515,0.020833333333333332,0.875
safety,11,0.0,0.0,0.0,1.0,89.70729166666668,1171.875,11.550836166493179,0.041666666666666664,0.9166666666666666
safety,12,0.0,0.0,0.0,1.0,24.31833333333333,1181.25,11.649385210464564,0.020833333333333332,0.9166666666666666
safety,13,0.0,0.0,0.0,1.0,94.765625,1181.25,11.577862267731916,0.020833333333333332,0.8333333333333334
safety,14,0.0,0.0,0.0,1.0,24.31833333333333,1181.25,11.649736925986678,0.020833333333333332,0.8958333333333334
safety,15,1.5911037114441626,0.0,0.843284967065408,0.0,23.886666666666667,1162.5,11.41011574269446,0.041666666666666664,0.8958333333333334
safety,16,2.6113216408267395,0.0,1.3447951541733048,0.0,24.31833333333333,1181.25,11.127280887794205,0.020833333333333332,0.9166666666666666
safety,17,0.0,0.0,0.0,1.0,92.29979166666665,1181.25,11.478114237278305,0.020833333333333332,0.8958333333333334
safety,18,0.0,0.0,0.0,1.0,92.29979166666665,1181.25,11.319844777598675,0.020833333333333332,0.9166666666666666
safety,19,0.0,0.0,0.0,1.0,89.84500000000003,1181.25,11.644031355234965,0.020833333333333332,0.8541666666666666
safety,20,9.434889491193628,0.0,4.837743597061656,0.0,92.17083333333333,1171.875,11.228172348424957,0.041666666666666664,0.8958333333333334
safety,21,0.0,0.0,0.0,1.0,94.765625,1181.25,11.436065089839895,0.020833333333333332,0.875
safety,22,0.0,0.0,0.0,1.0,92.29979166666665,1181.25,11.767842035793707,0.020833333333333332,0.8958333333333334
safety,23,0.0,0.0,0.0,1.0,89.84500000000003,1181.25,11.76986442680576,0.020833333333333332,0.875
safety,24,0.0,0.0,0.0,1.0,24.31833333333333,1181.25,11.739311725337538,0.020833333333333332,0.875
safety,25,0.0,0.0,0.0,1.0,24.124583333333334,1171.875,11.554868159611138,0.041666666666666664,0.875
safety,26,0.0,0.0,0.0,1.0,24.31833333333333,1181.25,11.604658238443443,0.020833333333333332,0.8958333333333334
safety,27,0.0,0.0,0.0,1.0,24.31833333333333,1181.25,11.546526894636154,0.020833333333333332,0.875
safety,28,2.06191394826714,0.0,1.0928143925815865,0.0,24.31833333333333,1181.25,11.487788876721192,0.020833333333333332,0.875
safety,29,0.0,0.0,0.0,1.0,24.124583333333334,1171.875,11.57506905829957,0.041666666666666664,0.875
safety,30,0.0,0.0,0.0,1.0,89.84500000000003,1181.25,11.297906120867367,0.020833333333333332,0.9166666666666666
safety,31,0.0,0.0,0.0,1.0,92.29979166666665,1181.25,11.759802917069342,0.020833333333333332,0.8541666666666666
safety,32,0.0,0.0,0.0,1.0,89.84500000000003,1181.25,11.483142299856631,0.020833333333333332,0.8958333333333334
safety,33,0.0,0.0,0.0,1.0,24.124583333333334,1171.875,11.580283785683484,0.041666666666666664,0.875
safety,34,0.0,0.0,0.0,1.0,24.31833333333333,1181.25,11.627727446657246,0.020833333333333332,0.8958333333333334
safety,35,0.0,0.0,0.0,1.0,94.765625,1181.25,11.70975083118279,0.020833333333333332,0.9166666666666666
safety,36,0.0,0.0,0.0,1.0,89.70729166666668,1171.875,11.575586006868214,0.041666666666666664,0.9166666666666666
safety,37,0.0,0.0,0.0,1.0,89.84500000000003,1181.25,11.706947335676483,0.020833333333333332,0.875
safety,38,0.0,0.0,0.0,1.0,89.84500000000003,1181.25,11.674050811120281,0.020833333333333332,0.875
safety,39,6.037292761109484,0.0,3.199765163388033,0.0,24.31833333333333,1181.25,11.421141253424304,0.020833333333333332,0.8958333333333334
safety,40,2.629262678024414,0.0,1.3935092193529426,0.0,89.70729166666668,1171.875,11.460130887734001,0.041666666666666664,0.875
safety,41,0.0,0.0,0.0,1.0,92.29979166666665,1181.25,11.434394655370411,0.020833333333333332,0.8958333333333334
safety,42,0.0,0.0,0.0,1.0,92.29979166666665,1181.25,11.700030722084705,0.020833333333333332,0.8958333333333334
safety,43,0.0,0.0,0.0,1.0,24.31833333333333,1181.25,11.537354261985714,0.020833333333333332,0.8958333333333334
safety,44,0.0,0.0,0.0,1.0,89.70729166666668,1171.875,11.783391308183155,0.020833333333333332,0.8958333333333334
safety,45,0.0,0.0,0.0,1.0,24.31833333333333,1181.25,11.516576259038828,0.020833333333333332,0.8958333333333334
safety,46,0.1650876465706883,0.0,0.08749645268246499,0.0,94.60395833333332,1171.875,11.315088810245499,0.041666666666666664,0.875
safety,47,0.0,0.0,0.0,1.0,94.765625,1181.25,11.617306368528693,0.020833333333333332,0.8958333333333334
safety,48,0.0,0.0,0.0,1.0,24.124583333333334,1171.875,11.361483377840456,0.041666666666666664,0.8958333333333334
safety,49,6.680905411379175,0.0,3.5408798680309705,0.0,92.29979166666665,1181.25,11.324075363015766,0.020833333333333332,0.875
safety,50,1.7792935642562462,0.0,0.9430255890558125,0.0,89.84500000000003,1181.25,11.446633221402726,0.020833333333333332,0.8125
safety,51,4.514098924623891,0.0,2.3924724300506672,0.0,94.60395833333332,1171.875,11.393950940624842,0.020833333333333332,0.8958333333333334
safety,52,0.0,0.0,0.0,1.0,24.31833333333333,1181.25,11.450280071066524,0.020833333333333332,0.9166666666666666
safety,53,0.0,0.0,0.0,1.0,89.84500000000003,1181.25,11.47300714940049,0.020833333333333332,0.8958333333333334
safety,54,0.0,0.0,0.0,1.0,89.84500000000003,1181.25,11.629004560142548,0.020833333333333332,0.875
safety,55,0.0,0.0,0.0,1.0,89.84500000000003,1181.25,11.581315466262453,0.020833333333333332,0.8333333333333334
safety,56,6.830604712333411,0.0,3.5879916978435316,0.0,24.31833333333333,1181.25,11.190249645505366,0.020833333333333332,0.9166666666666666
safety,57,0.0,0.0,0.0,1.0,92.29979166666665,1181.25,11.457131164410407,0.020833333333333332,0.8958333333333334
safety,58,0.0,0.0,0.0,1.0,92.29979166666665,1181.25,11.409833069731151,0.020833333333333332,0.8958333333333334
safety,59,0.0,0.0,0.0,1.0,24.31833333333333,1181.25,11.57098937037548,0.020833333333333332,0.8958333333333334
safety,60,0.0,0.0,0.0,1.0,94.765625,1181.25,11.59576266753803,0.020833333333333332,0.8958333333333334
safety,61,0.0,0.0,0.0,1.0,92.29979166666665,1181.25,11.678541245832534,0.020833333333333332,0.9166666666666666
safety,62,0.0,0.0,0.0,1.0,92.29979166666665,1181.25,11.682466533143772,0.020833333333333332,0.9166666666666666
safety,63,0.0,0.0,0.0,1.0,89.84500000000003,1181.25,11.764352298368737,0.020833333333333332,0.875
safety,64,6.680905411379175,0.0,3.5408798680309705,0.0,92.29979166666665,1181.25,11.312034084279327,0.020833333333333332,0.875
safety,65,0.0,0.0,0.0,1.0,92.29979166666665,1181.25,11.658951995404047,0.020833333333333332,0.8958333333333334
safety,66,1.9752724241440465,0.0,1.0468943847963468,0.0,92.1708333333333,1171.875,11.482572722536723,0.020833333333333332,0.875
safety,67,0.0,0.0,0.0,1.0,94.44229166666666,1162.5,11.524504111678558,0.020833333333333332,0.9166666666666666
safety,68,1.4376118542704557,0.0,0.7619342827633432,0.0,94.44229166666668,1162.5,11.321766366621693,0.041666666666666664,0.875
safety,69,0.0,0.0,0.0,1.0,24.31833333333333,1181.25,11.71762181390138,0.020833333333333332,0.8958333333333334
safety,70,0.0,0.0,0.0,1.0,94.60395833333332,1171.875,11.438845357295557,0.020833333333333332,0.9166666666666666
safety,71,4.430588436279141,0.0,2.34821187122795,0.0,24.31833333333333,1181.25,11.37158534498228,0.020833333333333332,0.875
safety,72,0.0,0.0,0.0,1.0,92.1708333333333,1171.875,11.504866711226159,0.041666666666666664,0.8958333333333334
safety,73,0.0,0.0,0.0,1.0,89.84500000000003,1181.25,11.771920542560856,0.020833333333333332,0.875
safety,74,0.0,0.0,0.0,1.0,24.31833333333333,1181.25,11.658148157319971,0.020833333333333332,0.8958333333333334
safety,75,0.0,0.0,0.0,1.0,92.1708333333333,1171.875,11.548289598498163,0.041666666666666664,0.8333333333333334
safety,76,0.0,0.0,0.0,1.0,89.84500000000003,1181.25,11.50669830510005,0.020833333333333332,0.875
safety,77,6.830604712333411,0.0,3.5879916978435316,0.0,24.31833333333333,1181.25,11.179734943085224,0.020833333333333332,0.9166666666666666
safety,78,6.922967823923029,0.0,3.5684389757287174,0.0,92.17083333333333,1171.875,11.213239343877698,0.041666666666666664,0.8958333333333334
safety,79,0.0,0.0,0.0,1.0,94.765625,1181.25,11.669013203428683,0.020833333333333332,0.8958333333333334
safety,80,0.0,0.0,0.0,1.0,24.31833333333333,1181.25,11.555444127525732,0.020833333333333332,0.8958333333333334
safety,81,0.0,0.0,0.0,1.0,24.31833333333333,1181.25,11.635978240302023,0.020833333333333332,0.8958333333333334
safety,82,0.0,0.0,0.0,1.0,24.31833333333333,1181.25,11.62217337500851,0.020833333333333332,0.8541666666666666
safety,83,0.0,0.0,0.0,1.0,24.31833333333333,1181.25,11.454255544654586,0.020833333333333332,0.875
safety,84,0.0,0.0,0.0,1.0,94.765625,1181.25,11.331030584346726,0.020833333333333332,0.8958333333333334
safety,85,0.0,0.0,0.0,1.0,24.31833333333333,1181.25,11.53566039996685,0.020833333333333332,0.8958333333333334
safety,86,0.0,0.0,0.0,1.0,24.124583333333334,1171.875,11.490659421503052,0.041666666666666664,0.875
safety,87,1.7792935642562462,0.0,0.9430255890558125,0.0,89.84500000000003,1181.25,11.410897583253261,0.020833333333333332,0.8125
safety,88,0.0,0.0,0.0,1.0,94.765625,1181.25,11.475938574521564,0.020833333333333332,0.8958333333333334
safety,89,0.1650876465706883,0.0,0.08749645268246499,0.0,94.60395833333332,1171.875,11.313132682777871,0.041666666666666664,0.875
safety,90,0.0,0.0,0.0,1.0,89.84500000000003,1181.25,11.709316664738296,0.020833333333333332,0.9166666666666666
safety,91,0.0,0.0,0.0,1.0,24.31833333333333,1181.25,11.470245707845825,0.020833333333333332,0.8958333333333334
safety,92,0.0,0.0,0.0,1.0,92.29979166666665,1181.25,11.662540852645582,0.020833333333333332,0.875
safety,93,0.0,0.0,0.0,1.0,92.29979166666665,1181.25,11.541450458910134,0.020833333333333332,0.8541666666666666
safety,94,0.0,0.0,0.0,1.0,24.124583333333334,1171.875,11.377009989882781,0.041666666666666664,0.8958333333333334
safety,95,0.0,0.0,0.0,1.0,94.765625,1181.25,11.556798198724954,0.020833333333333332,0.8958333333333334
safety,96,0.0,0.0,0.0,1.0,24.31833333333333,1181.25,11.743695454094954,0.020833333333333332,0.875
safety,97,0.0,0.0,0.0,1.0,94.60395833333332,1171.875,11.583950701092418,0.020833333333333332,0.8958333333333334
safety,98,0.0,0.0,0.0,1.0,24.31833333333333,1181.25,11.577972656260613,0.020833333333333332,0.8958333333333334
safety,99,8.682482283818253,0.0,4.601715610423684,0.0,94.60395833333332,1171.875,11.410317028126238,0.041666666666666664,0.8958333333333334
safety,100,0.0,0.0,0.0,1.0,89.84500000000003,1181.25,11.677745830824625,0.020833333333333332,0.9166666666666666
safety,101,0.0,0.0,0.0,1.0,94.765625,1181.25,11.495054753960519,0.020833333333333332,0.8958333333333334
safety,102,0.0,0.0,0.0,1.0,89.84500000000003,1181.25,11.527713883651955,0.020833333333333332,0.8958333333333334
safety,103,0.0,0.0,0.0,1.0,89.84500000000003,1181.25,11.386607016445177,0.020833333333333332,0.9166666666666666
safety,104,0.0,0.0,0.0,1.0,92.29979166666665,1181.25,11.456936577234496,0.020833333333333332,0.8958333333333334
safety,105,0.0,0.0,0.0,1.0,92.29979166666665,1181.25,11.719423707602196,0.020833333333333332,0.9166666666666666
safety,106,0.0,0.0,0.0,1.0,89.84500000000003,1181.25,11.67495133765212,0.020833333333333332,0.8333333333333334
safety,107,0.0,0.0,0.0,1.0,92.29979166666665,1181.25,11.336277775833983,0.020833333333333332,0.8958333333333334
safety,108,0.0,0.0,0.0,1.0,92.29979166666665,1181.25,11.649606115428286,0.020833333333333332,0.8958333333333334
safety,109,0.0,0.0,0.0,1.0,24.31833333333333,1181.25,11.600259350830669,0.020833333333333332,0.8958333333333334
safety,110,0.0,0.0,0.0,1.0,24.31833333333333,1181.25,11.534029114629838,0.020833333333333332,0.8125
safety,111,0.0,0.0,0.0,1.0,92.23541666666667,1185.4166666666667,11.48840814840761,0.041666666666666664,0.8958333333333334
safety,112,0.0,0.0,0.0,1.0,94.765625,1181.25,11.56351917733565,0.020833333333333332,0.9166666666666666
safety,113,0.0,0.0,0.0,1.0,92.29979166666665,1181.25,11.63679561601019,0.020833333333333332,0.875
safety,114,0.0,0.0,0.0,1.0,94.765625,1181.25,11.700909980714075,0.020833333333333332,0.8958333333333334
safety,115,0.0,0.0,0.0,1.0,94.60395833333332,1171.875,11.40494006933587,0.020833333333333332,0.9166666666666666
safety,116,0.0,0.0,0.0,1.0,94.765625,1181.25,11.482864923413857,0.020833333333333332,0.9166666666666666
safety,117,0.0,0.0,0.0,1.0,92.29979166666665,1181.25,11.744675977710017,0.020833333333333332,0.9166666666666666
safety,118,0.0,0.0,0.0,1.0,92.1708333333333,1171.875,11.74245794900173,0.020833333333333332,0.875
safety,119,3.3316477442229004,0.0,1.765773304438141,0.0,92.29979166666665,1181.25,11.511142160852467,0.020833333333333332,0.8958333333333334
safety,120,0.0,0.0,0.0,1.0,24.31833333333333,1181.25,11.4624415576631,0.020833333333333332,0.9166666666666666
safety,121,0.0,0.0,0.0,1.0,94.765625,1181.25,11.591615727745102,0.020833333333333332,0.8958333333333334
safety,122,0.0,0.0,0.0,1.0,92.29979166666665,1181.25,11.68614663893132,0.020833333333333332,0.8958333333333334
safety,123,5.639318128630279,0.0,2.9888386081740546,0.0,89.70729166666668,1171.875,11.326790851544684,0.041666666666666664,0.8958333333333334
safety,124,0.0,0.0,0.0,1.0,92.1708333333333,1171.875,11.48342048716782,0.020833333333333332,0.9166666666666666
safety,125,0.0,0.0,0.0,1.0,24.31833333333333,1181.25,11.668072732972567,0.020833333333333332,0.875
safety,126,0.0,0.0,0.0,1.0,94.765625,1181.25,11.411733243506811,0.020833333333333332,0.9166666666666666
safety,127,1.9286364188691483,0.0,1.0221773020006508,0.0,94.44229166666666,1162.5,11.376073278291173,0.041666666666666664,0.875
safety,128,0.0,0.0,0.0,1.0,24.31833333333333,1181.25,11.510295512173863,0.020833333333333332,0.8958333333333334
safety,129,0.0,0.0,0.0,1.0,92.364375,1194.7916666666667,11.555566324102585,0.020833333333333332,0.8125
safety,130,2.6113216408267395,0.0,1.3447951541733048,0.0,24.31833333333333,1181.25,11.120426197385301,0.020833333333333332,0.9166666666666666
safety,131,0.0,0.0,0.0,1.0,89.84500000000003,1181.25,11.685761983892954,0.020833333333333332,0.9166666666666666
safety,132,0.0,0.0,0.0,1.0,92.29979166666665,1181.25,11.466609765812,0.020833333333333332,0.8958333333333334
safety,133,0.0,0.0,0.0,1.0,92.29979166666665,1181.25,11.690360347681183,0.020833333333333332,0.8958333333333334
safety,134,0.3065664801123873,0.0,0.1624802344595656,0.0,24.31833333333333,1181.25,11.38728279339776,0.020833333333333332,0.8958333333333334
safety,135,3.3316477442229004,0.0,1.765773304438141,0.0,92.29979166666665,1181.25,11.489463577933057,0.020833333333333332,0.8958333333333334
safety,136,0.0,0.0,0.0,1.0,89.84500000000003,1181.25,11.692114874288672,0.020833333333333332,0.875
safety,137,0.0,0.0,0.0,1.0,91.77958333333333,1162.5,11.495726540298671,0.041666666666666664,0.875
safety,138,0.0,0.0,0.0,1.0,89.84500000000003,1181.25,11.595315526590374,0.020833333333333332,0.8958333333333334
safety,139,0.0,0.0,0.0,1.0,89.84500000000003,1181.25,11.712922247791411,0.020833333333333332,0.9166666666666666
safety,140,0.0,0.0,0.0,1.0,92.17083333333333,1171.875,11.55066359909442,0.041666666666666664,0.8958333333333334
safety,141,0.0,0.0,0.0,1.0,24.31833333333333,1181.25,11.593309115893922,0.020833333333333332,0.8958333333333334
safety,142,8.682482283818253,0.0,4.601715610423684,0.0,94.60395833333332,1171.875,11.36412168119424,0.041666666666666664,0.8958333333333334
safety,143,2.629262678024414,0.0,1.3935092193529426,0.0,89.56958333333334,1162.5,11.417016806610144,0.041666666666666664,0.875
safety,144,2.328096748530667,0.0,1.2338912767212562,0.0,89.70729166666668,1171.875,11.263097781872792,0.041666666666666664,0.8541666666666666
safety,145,2.7441027713482598,0.0,1.4543744688145808,0.0,94.765625,1181.25,11.348746913137523,0.020833333333333332,0.8958333333333334
safety,146,12.534764528485784,0.0,6.64342520009748,0.0,94.44229166666666,1162.5,11.49316736883196,0.041666666666666664,0.875
safety,147,0.0,0.0,0.0,1.0,89.84500000000003,1181.25,11.753025271472518,0.020833333333333332,0.9166666666666666
safety,148,0.0,0.0,0.0,1.0,94.60395833333332,1171.875,11.629218677628982,0.020833333333333332,0.8958333333333334
safety,149,0.0,0.0,0.0,1.0,92.29979166666665,1181.25,11.357442160761215,0.020833333333333332,0.9166666666666666
safety,150,0.0,0.0,0.0,1.0,92.17083333333333,1171.875,11.591455561550376,0.041666666666666664,0.8958333333333334
safety,151,0.0,0.0,0.0,1.0,24.31833333333333,1181.25,11.44204291619244,0.020833333333333332,0.8541666666666666
safety,152,6.262868105174446,0.0,3.176134778855092,0.0,92.17083333333333,1171.875,11.209465683136756,0.041666666666666664,0.9166666666666666
safety,153,0.0,0.0,0.0,1.0,94.765625,1181.25,11.697857689150835,0.020833333333333332,0.8958333333333334
safety,154,0.0,0.0,0.0,1.0,94.765625,1181.25,11.606736775310985,0.020833333333333332,0.8958333333333334
safety,155,6.098997348415363,0.0,3.2324685946601495,0.0,89.70729166666668,1171.875,11.418000499323204,0.041666666666666664,0.875
safety,156,2.629262678024414,0.0,1.3935092193529426,0.0,89.70729166666668,1171.875,11.37126650302293,0.041666666666666664,0.875
safety,157,3.9839525562415563,0.0,2.0727337832896433,0.0,89.70729166666668,1171.875,11.22520217583864,0.041666666666666664,0.8958333333333334
safety,158,0.0,0.0,0.0,1.0,24.31833333333333,1181.25,11.522559180632427,0.020833333333333332,0.8958333333333334
safety,159,0.0,0.0,0.0,1.0,89.84500000000003,1181.25,11.534875079351112,0.020833333333333332,0.8958333333333334
safety,160,0.0,0.0,0.0,1.0,89.84500000000003,1181.25,11.589542402115319,0.020833333333333332,0.875
safety,161,3.9839525562415563,0.0,2.0727337832896433,0.0,89.70729166666668,1171.875,11.208635278668686,0.041666666666666664,0.8958333333333334
safety,162,1.9752724241440465,0.0,1.0468943847963468,0.0,92.29979166666665,1181.25,11.408099997558844,0.020833333333333332,0.875
safety,163,4.430588436279141,0.0,2.34821187122795,0.0,24.31833333333333,1181.25,11.374000686929753,0.020833333333333332,0.875
safety,164,7.855602341614041,0.0,4.16346924105545,0.0,89.70729166666668,1171.875,11.416411344074726,0.041666666666666664,0.8958333333333334
safety,165,0.0,0.0,0.0,1.0,24.31833333333333,1181.25,11.418781652650459,0.020833333333333332,0.8958333333333334
safety,166,0.0,0.0,0.0,1.0,94.765625,1181.25,11.63957422021585,0.020833333333333332,0.8958333333333334
safety,167,0.0,0.0,0.0,1.0,89.70729166666668,1171.875,11.673521334031312,0.041666666666666664,0.8541666666666666
safety,168,0.0,0.0,0.0,1.0,89.84500000000003,1181.25,11.40102633582582,0.020833333333333332,0.8958333333333334
safety,169,0.0,0.0,0.0,1.0,92.29979166666665,1181.25,11.52784279762601,0.020833333333333332,0.8958333333333334
safety,170,0.0,0.0,0.0,1.0,24.31833333333333,1181.25,11.574218634079903,0.020833333333333332,0.9166666666666666
safety,171,0.0,0.0,0.0,1.0,92.29979166666665,1181.25,11.72731311618233,0.020833333333333332,0.9166666666666666
safety,172,6.922967823923029,0.0,3.5684389757287174,0.0,92.17083333333333,1171.875,11.233831238433092,0.041666666666666664,0.8958333333333334
safety,173,0.0,0.0,0.0,1.0,94.765625,1181.25,11.678999102938159,0.020833333333333332,0.9166666666666666
safety,174,0.0,0.0,0.0,1.0,24.31833333333333,1181.25,11.602223161666004,0.020833333333333332,0.8958333333333334
safety,175,0.0,0.0,0.0,1.0,24.31833333333333,1181.25,11.394260543571896,0.020833333333333332,0.8958333333333334
safety,176,0.0,0.0,0.0,1.0,89.70729166666668,1171.875,11.3840769991526,0.041666666666666664,0.875
safety,177,0.0,0.0,0.0,1.0,24.31833333333333,1181.25,11.579735314377329,0.020833333333333332,0.9166666666666666
safety,178,0.45332347541027396,0.0,0.2402614419674457,0.0,89.84500000000003,1181.25,11.212141505424531,0.020833333333333332,0.8958333333333334
safety,179,0.0,0.0,0.0,1.0,89.70729166666668,1171.875,11.542422982475648,0.041666666666666664,0.9166666666666666
safety,180,0.0,0.0,0.0,1.0,89.84500000000003,1181.25,11.559985429991771,0.020833333333333332,0.8958333333333334
safety,181,0.0,0.0,0.0,1.0,92.29979166666665,1181.25,11.742321219845138,0.020833333333333332,0.8958333333333334
safety,182,2.328096748530667,0.0,1.2338912767212562,0.0,89.70729166666668,1171.875,11.262220917377547,0.041666666666666664,0.8541666666666666
safety,183,0.0,0.0,0.0,1.0,94.765625,1181.25,11.614484314259537,0.020833333333333332,0.8958333333333334
safety,184,0.0,0.0,0.0,1.0,94.60395833333332,1171.875,11.759610984826915,0.020833333333333332,0.9166666666666666
safety,185,0.0,0.0,0.0,1.0,24.31833333333333,1181.25,11.364152939694849,0.020833333333333332,0.8958333333333334
safety,186,8.507662355149751,0.0,4.509061048229378,0.0,92.29979166666665,1181.25,11.361007778805876,0.020833333333333332,0.8958333333333334
safety,187,0.0,0.0,0.0,1.0,94.765625,1181.25,11.368783369710954,0.020833333333333332,0.8958333333333334
safety,188,0.0,0.0,0.0,1.0,89.84500000000003,1181.25,11.605978416508947,0.020833333333333332,0.875
safety,189,2.629262678024414,0.0,1.3935092193529426,0.0,89.70729166666668,1171.875,11.390991994012461,0.041666666666666664,0.875
safety,190,0.0,0.0,0.0,1.0,24.31833333333333,1181.25,11.557827044251605,0.020833333333333332,0.8125
safety,191,0.0,0.0,0.0,1.0,94.60395833333332,1171.875,11.594770135306561,0.020833333333333332,0.8958333333333334
safety,192,0.0,0.0,0.0,1.0,94.765625,1181.25,11.430601056999082,0.020833333333333332,0.8958333333333334
safety,193,0.0,0.0,0.0,1.0,91.77958333333333,1162.5,11.459557872804316,0.041666666666666664,0.875
safety,194,0.0,0.0,0.0,1.0,92.364375,1194.7916666666667,11.513930116878447,0.020833333333333332,0.8125
safety,195,0.0,0.0,0.0,1.0,92.29979166666665,1181.25,11.542768975892116,0.020833333333333332,0.8958333333333334
safety,196,0.0,0.0,0.0,1.0,24.31833333333333,1181.25,11.491510914322651,0.020833333333333332,0.875
safety,197,0.0,0.0,0.0,1.0,94.765625,1181.25,11.495125383240199,0.020833333333333332,0.9166666666666666
safety,198,0.0,0.0,0.0,1.0,24.31833333333333,1181.25,11.642810099713381,0.020833333333333332,0.875
safety,199,0.0,0.0,0.0,1.0,24.31833333333333,1181.25,11.692604218624036,0.020833333333333332,0.875
certified,0,0.0,0.0,0.0,1.0,94.765625,1181.25,11.59189785703879,0.020833333333333332,0.8958333333333334
certified,1,0.0,0.0,0.0,1.0,92.29979166666665,1181.25,11.617421227847823,0.020833333333333332,0.9166666666666666
certified,2,0.0,0.0,0.0,1.0,24.31833333333333,1181.25,11.398080749333545,0.020833333333333332,0.8958333333333334
certified,3,0.0,0.0,0.0,1.0,89.84500000000003,1181.25,11.682988998282019,0.020833333333333332,0.9166666666666666
certified,4,0.4094708465055721,0.0,0.21701954864795367,0.0,23.886666666666667,1162.5,11.427589811540983,0.041666666666666664,0.8958333333333334
certified,5,1.2632040594335336,0.0,0.6694981514997743,0.0,89.84500000000003,1181.25,11.402407300537526,0.020833333333333332,0.875
certified,6,0.0,0.0,0.0,1.0,24.31833333333333,1181.25,11.784137237197726,0.020833333333333332,0.875
certified,7,3.3835606797347353,0.0,1.7932871602594136,0.0,94.765625,1181.25,11.336924873126014,0.020833333333333332,0.8958333333333334
certified,8,0.0,0.0,0.0,1.0,89.84500000000003,1181.25,11.735569971858844,0.020833333333333332,0.8958333333333334
certified,9,0.0,0.0,0.0,1.0,24.31833333333333,1181.25,11.497817481502578,0.020833333333333332,0.8958333333333334
certified,10,0.0,0.0,0.0,1.0,24.31833333333333,1181.25,11.562636907978515,0.020833333333333332,0.875
certified,11,0.0,0.0,0.0,1.0,89.70729166666668,1171.875,11.550836166493179,0.041666666666666664,0.9166666666666666
certified,12,0.0,0.0,0.0,1.0,24.31833333333333,1181.25,11.649385210464564,0.020833333333333332,0.9166666666666666
certified,13,0.0,0.0,0.0,1.0,94.765625,1181.25,11.577862267731916,0.020833333333333332,0.8333333333333334
certified,14,0.0,0.0,0.0,1.0,24.31833333333333,1181.25,11.649736925986678,0.020833333333333332,0.8958333333333334
certified,15,1.5911037114441626,0.0,0.843284967065408,0.0,23.886666666666667,1162.5,11.41011574269446,0.041666666666666664,0.8958333333333334
certified,16,2.6113216408267395,0.0,1.3447951541733048,0.0,24.31833333333333,1181.25,11.127280887794205,0.020833333333333332,0.9166666666666666
certified,17,0.0,0.0,0.0,1.0,92.29979166666665,1181.25,11.478114237278305,0.020833333333333332,0.8958333333333334
certified,18,0.0,0.0,0.0,1.0,92.29979166666665,1181.25,11.319844777598675,0.020833333333333332,0.9166666666666666
certified,19,0.0,0.0,0.0,1.0,89.84500000000003,1181.25,11.644031355234965,0.020833333333333332,0.8541666666666666
certified,20,9.434889491193628,0.0,4.837743597061656,0.0,92.17083333333333,1171.875,11.228172348424957,0.041666666666666664,0.8958333333333334
certified,21,0.0,0.0,0.0,1.0,94.765625,1181.25,11.436065089839895,0.020833333333333332,0.875
certified,22,0.0,0.0,0.0,1.0,92.29979166666665,1181.25,11.767842035793707,0.020833333333333332,0.8958333333333334
certified,23,0.0,0.0,0.0,1.0,89.84500000000003,1181.25,11.76986442680576,0.020833333333333332,0.875
certified,24,0.0,0.0,0.0,1.0,24.31833333333333,1181.25,11.739311725337538,0.020833333333333332,0.875
certified,25,0.0,0.0,0.0,1.0,24.124583333333334,1171.875,11.554868159611138,0.041666666666666664,0.875
certified,26,0.0,0.0,0.0,1.0,24.31833333333333,1181.25,11.604658238443443,0.020833333333333332,0.8958333333333334
certified,27,0.0,0.0,0.0,1.0,24.31833333333333,1181.25,11.546526894636154,0.020833333333333332,0.875
certified,28,2.06191394826714,0.0,1.0928143925815865,0.0,24.31833333333333,1181.25,11.487788876721192,0.020833333333333332,0.875
certified,29,0.0,0.0,0.0,1.0,24.124583333333334,1171.875,11.57506905829957,0.041666666666666664,0.875
certified,30,0.0,0.0,0.0,1.0,89.84500000000003,1181.25,11.297906120867367,0.020833333333333332,0.9166666666666666
certified,31,0.0,0.0,0.0,1.0,92.29979166666665,1181.25,11.759802917069342,0.020833333333333332,0.8541666666666666
certified,32,0.0,0.0,0.0,1.0,89.84500000000003,1181.25,11.483142299856631,0.020833333333333332,0.8958333333333334
certified,33,0.0,0.0,0.0,1.0,24.124583333333334,1171.875,11.580283785683484,0.041666666666666664,0.875
certified,34,0.0,0.0,0.0,1.0,24.31833333333333,1181.25,11.627727446657246,0.020833333333333332,0.8958333333333334
certified,35,0.0,0.0,0.0,1.0,94.765625,1181.25,11.70975083118279,0.020833333333333332,0.9166666666666666
certified,36,0.0,0.0,0.0,1.0,89.70729166666668,1171.875,11.575586006868214,0.041666666666666664,0.9166666666666666
certified,37,0.0,0.0,0.0,1.0,89.84500000000003,1181.25,11.706947335676483,0.020833333333333332,0.875
certified,38,0.0,0.0,0.0,1.0,89.84500000000003,1181.25,11.674050811120281,0.020833333333333332,0.875
certified,39,6.037292761109484,0.0,3.199765163388033,0.0,24.31833333333333,1181.25,11.421141253424304,0.020833333333333332,0.8958333333333334
certified,40,2.629262678024414,0.0,1.3935092193529426,0.0,89.70729166666668,1171.875,11.460130887734001,0.041666666666666664,0.875
certified,41,0.0,0.0,0.0,1.0,92.29979166666665,1181.25,11.434394655370411,0.020833333333333332,0.8958333333333334
certified,42,0.0,0.0,0.0,1.0,92.29979166666665,1181.25,11.700030722084705,0.020833333333333332,0.8958333333333334
certified,43,0.0,0.0,0.0,1.0,24.31833333333333,1181.25,11.537354261985714,0.020833333333333332,0.8958333333333334
certified,44,0.0,0.0,0.0,1.0,89.70729166666668,1171.875,11.783391308183155,0.020833333333333332,0.8958333333333334
certified,45,0.0,0.0,0.0,1.0,24.31833333333333,1181.25,11.516576259038828,0.020833333333333332,0.8958333333333334
certified,46,0.1650876465706883,0.0,0.08749645268246499,0.0,94.60395833333332,1171.875,11.315088810245499,0.041666666666666664,0.875
certified,47,0.0,0.0,0.0,1.0,94.765625,1181.25,11.617306368528693,0.020833333333333332,0.8958333333333334
certified,48,0.0,0.0,0.0,1.0,24.124583333333334,1171.875,11.361483377840456,0.041666666666666664,0.8958333333333334
certified,49,6.680905411379175,0.0,3.5408798680309705,0.0,92.29979166666665,1181.25,11.324075363015766,0.020833333333333332,0.875
certified,50,1.7792935642562462,0.0,0.9430255890558125,0.0,89.84500000000003,1181.25,11.446633221402726,0.020833333333333332,0.8125
certified,51,4.514098924623891,0.0,2.3924724300506672,0.0,94.60395833333332,1171.875,11.393950940624842,0.020833333333333332,0.8958333333333334
certified,52,0.0,0.0,0.0,1.0,24.31833333333333,1181.25,11.450280071066524,0.020833333333333332,0.9166666666666666
certified,53,0.0,0.0,0.0,1.0,89.84500000000003,1181.25,11.47300714940049,0.020833333333333332,0.8958333333333334
certified,54,0.0,0.0,0.0,1.0,89.84500000000003,1181.25,11.629004560142548,0.020833333333333332,0.875
certified,55,0.0,0.0,0.0,1.0,89.84500000000003,1181.25,11.581315466262453,0.020833333333333332,0.8333333333333334
certified,56,6.830604712333411,0.0,3.5879916978435316,0.0,24.31833333333333,1181.25,11.190249645505366,0.020833333333333332,0.9166666666666666
certified,57,0.0,0.0,0.0,1.0,92.29979166666665,1181.25,11.457131164410407,0.020833333333333332,0.8958333333333334
certified,58,0.0,0.0,0.0,1.0,92.29979166666665,1181.25,11.409833069731151,0.020833333333333332,0.8958333333333334
certified,59,0.0,0.0,0.0,1.0,24.31833333333333,1181.25,11.57098937037548,0.020833333333333332,0.8958333333333334
certified,60,0.0,0.0,0.0,1.0,94.765625,1181.25,11.59576266753803,0.020833333333333332,0.8958333333333334
certified,61,0.0,0.0,0.0,1.0,92.29979166666665,1181.25,11.678541245832534,0.020833333333333332,0.9166666666666666
certified,62,0.0,0.0,0.0,1.0,92.29979166666665,1181.25,11.682466533143772,0.020833333333333332,0.9166666666666666
certified,63,0.0,0.0,0.0,1.0,89.84500000000003,1181.25,11.764352298368737,0.020833333333333332,0.875
certified,64,6.680905411379175,0.0,3.5408798680309705,0.0,92.29979166666665,1181.25,11.312034084279327,0.020833333333333332,0.875
certified,65,0.0,0.0,0.0,1.0,92.29979166666665,1181.25,11.658951995404047,0.020833333333333332,0.8958333333333334
certified,66,1.9752724241440465,0.0,1.0468943847963468,0.0,92.1708333333333,1171.875,11.482572722536723,0.020833333333333332,0.875
certified,67,0.0,0.0,0.0,1.0,94.44229166666666,1162.5,11.524504111678558,0.020833333333333332,0.9166666666666666
certified,68,1.4376118542704557,0.0,0.7619342827633432,0.0,94.44229166666668,1162.5,11.321766366621693,0.041666666666666664,0.875
certified,69,0.0,0.0,0.0,1.0,24.31833333333333,1181.25,11.71762181390138,0.020833333333333332,0.8958333333333334
certified,70,0.0,0.0,0.0,1.0,94.60395833333332,1171.875,11.438845357295557,0.020833333333333332,0.9166666666666666
certified,71,4.430588436279141,0.0,2.34821187122795,0.0,24.31833333333333,1181.25,11.37158534498228,0.020833333333333332,0.875
certified,72,0.0,0.0,0.0,1.0,92.1708333333333,1171.875,11.504866711226159,0.041666666666666664,0.8958333333333334
certified,73,0.0,0.0,0.0,1.0,89.84500000000003,1181.25,11.771920542560856,0.020833333333333332,0.875
certified,74,0.0,0.0,0.0,1.0,24.31833333333333,1181.25,11.658148157319971,0.020833333333333332,0.8958333333333334
certified,75,0.0,0.0,0.0,1.0,92.1708333333333,1171.875,11.548289598498163,0.041666666666666664,0.8333333333333334
certified,76,0.0,0.0,0.0,1.0,89.84500000000003,1181.25,11.50669830510005,0.020833333333333332,0.875
certified,77,6.830604712333411,0.0,3.5879916978435316,0.0,24.31833333333333,1181.25,11.179734943085224,0.020833333333333332,0.9166666666666666
certified,78,6.922967823923029,0.0,3.5684389757287174,0.0,92.17083333333333,1171.875,11.213239343877698,0.041666666666666664,0.8958333333333334
certified,79,0.0,0.0,0.0,1.0,94.765625,1181.25,11.669013203428683,0.020833333333333332,0.8958333333333334
certified,80,0.0,0.0,0.0,1.0,24.31833333333333,1181.25,11.555444127525732,0.020833333333333332,0.8958333333333334
certified,81,0.0,0.0,0.0,1.0,24.31833333333333,1181.25,11.635978240302023,0.020833333333333332,0.8958333333333334
certified,82,0.0,0.0,0.0,1.0,24.31833333333333,1181.25,11.62217337500851,0.020833333333333332,0.8541666666666666
certified,83,0.0,0.0,0.0,1.0,24.31833333333333,1181.25,11.454255544654586,0.020833333333333332,0.875
certified,84,0.0,0.0,0.0,1.0,94.765625,1181.25,11.331030584346726,0.020833333333333332,0.8958333333333334
certified,85,0.0,0.0,0.0,1.0,24.31833333333333,1181.25,11.53566039996685,0.020833333333333332,0.8958333333333334
certified,86,0.0,0.0,0.0,1.0,24.124583333333334,1171.875,11.490659421503052,0.041666666666666664,0.875
certified,87,1.7792935642562462,0.0,0.9430255890558125,0.0,89.84500000000003,1181.25,11.410897583253261,0.020833333333333332,0.8125
certified,88,0.0,0.0,0.0,1.0,94.765625,1181.25,11.475938574521564,0.020833333333333332,0.8958333333333334
certified,89,0.1650876465706883,0.0,0.08749645268246499,0.0,94.60395833333332,1171.875,11.313132682777871,0.041666666666666664,0.875
certified,90,0.0,0.0,0.0,1.0,89.84500000000003,1181.25,11.709316664738296,0.020833333333333332,0.9166666666666666
certified,91,0.0,0.0,0.0,1.0,24.31833333333333,1181.25,11.470245707845825,0.020833333333333332,0.8958333333333334
certified,92,0.0,0.0,0.0,1.0,92.29979166666665,1181.25,11.662540852645582,0.020833333333333332,0.875
certified,93,0.0,0.0,0.0,1.0,92.29979166666665,1181.25,11.541450458910134,0.020833333333333332,0.8541666666666666
certified,94,0.0,0.0,0.0,1.0,24.124583333333334,1171.875,11.377009989882781,0.041666666666666664,0.8958333333333334
certified,95,0.0,0.0,0.0,1.0,94.765625,1181.25,11.556798198724954,0.020833333333333332,0.8958333333333334
certified,96,0.0,0.0,0.0,1.0,24.31833333333333,1181.25,11.743695454094954,0.020833333333333332,0.875
certified,97,0.0,0.0,0.0,1.0,94.60395833333332,1171.875,11.583950701092418,0.020833333333333332,0.8958333333333334
certified,98,0.0,0.0,0.0,1.0,24.31833333333333,1181.25,11.577972656260613,0.020833333333333332,0.8958333333333334
certified,99,8.682482283818253,0.0,4.601715610423684,0.0,94.60395833333332,1171.875,11.410317028126238,0.041666666666666664,0.8958333333333334
certified,100,0.0,0.0,0.0,1.0,89.84500000000003,1181.25,11.677745830824625,0.020833333333333332,0.9166666666666666
certified,101,0.0,0.0,0.0,1.0,94.765625,1181.25,11.495054753960519,0.020833333333333332,0.8958333333333334
certified,102,0.0,0.0,0.0,1.0,89.84500000000003,1181.25,11.527713883651955,0.020833333333333332,0.8958333333333334
certified,103,0.0,0.0,0.0,1.0,89.84500000000003,1181.25,11.386607016445177,0.020833333333333332,0.9166666666666666
certified,104,0.0,0.0,0.0,1.0,92.29979166666665,1181.25,11.456936577234496,0.020833333333333332,0.8958333333333334
certified,105,0.0,0.0,0.0,1.0,92.29979166666665,1181.25,11.719423707602196,0.020833333333333332,0.9166666666666666
certified,106,0.0,0.0,0.0,1.0,89.84500000000003,1181.25,11.67495133765212,0.020833333333333332,0.8333333333333334
certified,107,0.0,0.0,0.0,1.0,92.29979166666665,1181.25,11.336277775833983,0.020833333333333332,0.8958333333333334
certified,108,0.0,0.0,0.0,1.0,92.29979166666665,1181.25,11.649606115428286,0.020833333333333332,0.8958333333333334
certified,109,0.0,0.0,0.0,1.0,24.31833333333333,1181.25,11.600259350830669,0.020833333333333332,0.8958333333333334
certified,110,0.0,0.0,0.0,1.0,24.31833333333333,1181.25,11.534029114629838,0.020833333333333332,0.8125
certified,111,0.0,0.0,0.0,1.0,92.23541666666667,1185.4166666666667,11.48840814840761,0.041666666666666664,0.8958333333333334
certified,112,0.0,0.0,0.0,1.0,94.765625,1181.25,11.56351917733565,0.020833333333333332,0.9166666666666666
certified,113,0.0,0.0,0.0,1.0,92.29979166666665,1181.25,11.63679561601019,0.020833333333333332,0.875
certified,114,0.0,0.0,0.0,1.0,94.765625,1181.25,11.700909980714075,0.020833333333333332,0.8958333333333334
certified,115,0.0,0.0,0.0,1.0,94.60395833333332,1171.875,11.40494006933587,0.020833333333333332,0.9166666666666666
certified,116,0.0,0.0,0.0,1.0,94.765625,1181.25,11.482864923413857,0.020833333333333332,0.9166666666666666
certified,117,0.0,0.0,0.0,1.0,92.29979166666665,1181.25,11.744675977710017,0.020833333333333332,0.9166666666666666
certified,118,0.0,0.0,0.0,1.0,92.1708333333333,1171.875,11.74245794900173,0.020833333333333332,0.875
certified,119,3.3316477442229004,0.0,1.765773304438141,0.0,92.29979166666665,1181.25,11.511142160852467,0.020833333333333332,0.8958333333333334
certified,120,0.0,0.0,0.0,1.0,24.31833333333333,1181.25,11.4624415576631,0.020833333333333332,0.9166666666666666
certified,121,0.0,0.0,0.0,1.0,94.765625,1181.25,11.591615727745102,0.020833333333333332,0.8958333333333334
certified,122,0.0,0.0,0.0,1.0,92.29979166666665,1181.25,11.68614663893132,0.020833333333333332,0.8958333333333334
certified,123,5.639318128630279,0.0,2.9888386081740546,0.0,89.70729166666668,1171.875,11.326790851544684,0.041666666666666664,0.8958333333333334
certified,124,0.0,0.0,0.0,1.0,92.1708333333333,1171.875,11.48342048716782,0.020833333333333332,0.9166666666666666
certified,125,0.0,0.0,0.0,1.0,24.31833333333333,1181.25,11.668072732972567,0.020833333333333332,0.875
certified,126,0.0,0.0,0.0,1.0,94.765625,1181.25,11.411733243506811,0.020833333333333332,0.9166666666666666
certified,127,1.9286364188691483,0.0,1.0221773020006508,0.0,94.44229166666666,1162.5,11.376073278291173,0.041666666666666664,0.875
certified,128,0.0,0.0,0.0,1.0,24.31833333333333,1181.25,11.510295512173863,0.020833333333333332,0.8958333333333334
certified,129,0.0,0.0,0.0,1.0,92.364375,1194.7916666666667,11.555566324102585,0.020833333333333332,0.8125
certified,130,2.6113216408267395,0.0,1.3447951541733048,0.0,24.31833333333333,1181.25,11.120426197385301,0.020833333333333332,0.9166666666666666
certified,131,0.0,0.0,0.0,1.0,89.84500000000003,1181.25,11.685761983892954,0.020833333333333332,0.9166666666666666
certified,132,0.0,0.0,0.0,1.0,92.29979166666665,1181.25,11.466609765812,0.020833333333333332,0.8958333333333334
certified,133,0.0,0.0,0.0,1.0,92.29979166666665,1181.25,11.690360347681183,0.020833333333333332,0.8958333333333334
certified,134,0.3065664801123873,0.0,0.1624802344595656,0.0,24.31833333333333,1181.25,11.38728279339776,0.020833333333333332,0.8958333333333334
certified,135,3.3316477442229004,0.0,1.765773304438141,0.0,92.29979166666665,1181.25,11.489463577933057,0.020833333333333332,0.8958333333333334
certified,136,0.0,0.0,0.0,1.0,89.84500000000003,1181.25,11.692114874288672,0.020833333333333332,0.875
certified,137,0.0,0.0,0.0,1.0,91.77958333333333,1162.5,11.495726540298671,0.041666666666666664,0.875
certified,138,0.0,0.0,0.0,1.0,89.84500000000003,1181.25,11.595315526590374,0.020833333333333332,0.8958333333333334
certified,139,0.0,0.0,0.0,1.0,89.84500000000003,1181.25,11.712922247791411,0.020833333333333332,0.9166666666666666
certified,140,0.0,0.0,0.0,1.0,92.17083333333333,1171.875,11.55066359909442,0.041666666666666664,0.8958333333333334
certified,141,0.0,0.0,0.0,1.0,24.31833333333333,1181.25,11.593309115893922,0.020833333333333332,0.8958333333333334
certified,142,8.682482283818253,0.0,4.601715610423684,0.0,94.60395833333332,1171.875,11.36412168119424,0.041666666666666664,0.8958333333333334
certified,143,2.629262678024414,0.0,1.3935092193529426,0.0,89.56958333333334,1162.5,11.417016806610144,0.041666666666666664,0.875
certified,144,2.328096748530667,0.0,1.2338912767212562,0.0,89.70729166666668,1171.875,11.263097781872792,0.041666666666666664,0.8541666666666666
certified,145,2.7441027713482598,0.0,1.4543744688145808,0.0,94.765625,1181.25,11.348746913137523,0.020833333333333332,0.8958333333333334
certified,146,12.534764528485784,0.0,6.64342520009748,0.0,94.44229166666666,1162.5,11.49316736883196,0.041666666666666664,0.875
certified,147,0.0,0.0,0.0,1.0,89.84500000000003,1181.25,11.753025271472518,0.020833333333333332,0.9166666666666666
certified,148,0.0,0.0,0.0,1.0,94.60395833333332,1171.875,11.629218677628982,0.020833333333333332,0.8958333333333334
certified,149,0.0,0.0,0.0,1.0,92.29979166666665,1181.25,11.357442160761215,0.020833333333333332,0.9166666666666666
certified,150,0.0,0.0,0.0,1.0,92.17083333333333,1171.875,11.591455561550376,0.041666666666666664,0.8958333333333334
certified,151,0.0,0.0,0.0,1.0,24.31833333333333,1181.25,11.44204291619244,0.020833333333333332,0.8541666666666666
certified,152,6.262868105174446,0.0,3.176134778855092,0.0,92.17083333333333,1171.875,11.209465683136756,0.041666666666666664,0.9166666666666666
certified,153,0.0,0.0,0.0,1.0,94.765625,1181.25,11.697857689150835,0.020833333333333332,0.8958333333333334
certified,154,0.0,0.0,0.0,1.0,94.765625,1181.25,11.606736775310985,0.020833333333333332,0.8958333333333334
certified,155,6.098997348415363,0.0,3.2324685946601495,0.0,89.70729166666668,1171.875,11.418000499323204,0.041666666666666664,0.875
certified,156,2.629262678024414,0.0,1.3935092193529426,0.0,89.70729166666668,1171.875,11.37126650302293,0.041666666666666664,0.875
certified,157,3.9839525562415563,0.0,2.0727337832896433,0.0,89.70729166666668,1171.875,11.22520217583864,0.041666666666666664,0.8958333333333334
certified,158,0.0,0.0,0.0,1.0,24.31833333333333,1181.25,11.522559180632427,0.020833333333333332,0.8958333333333334
certified,159,0.0,0.0,0.0,1.0,89.84500000000003,1181.25,11.534875079351112,0.020833333333333332,0.8958333333333334
certified,160,0.0,0.0,0.0,1.0,89.84500000000003,1181.25,11.589542402115319,0.020833333333333332,0.875
certified,161,3.9839525562415563,0.0,2.0727337832896433,0.0,89.70729166666668,1171.875,11.208635278668686,0.041666666666666664,0.8958333333333334
certified,162,1.9752724241440465,0.0,1.0468943847963468,0.0,92.29979166666665,1181.25,11.408099997558844,0.020833333333333332,0.875
certified,163,4.430588436279141,0.0,2.34821187122795,0.0,24.31833333333333,1181.25,11.374000686929753,0.020833333333333332,0.875
certified,164,7.855602341614041,0.0,4.16346924105545,0.0,89.70729166666668,1171.875,11.416411344074726,0.041666666666666664,0.8958333333333334
certified,165,0.0,0.0,0.0,1.0,24.31833333333333,1181.25,11.418781652650459,0.020833333333333332,0.8958333333333334
certified,166,0.0,0.0,0.0,1.0,94.765625,1181.25,11.63957422021585,0.020833333333333332,0.8958333333333334
certified,167,0.0,0.0,0.0,1.0,89.70729166666668,1171.875,11.673521334031312,0.041666666666666664,0.8541666666666666
certified,168,0.0,0.0,0.0,1.0,89.84500000000003,1181.25,11.40102633582582,0.020833333333333332,0.8958333333333334
certified,169,0.0,0.0,0.0,1.0,92.29979166666665,1181.25,11.52784279762601,0.020833333333333332,0.8958333333333334
certified,170,0.0,0.0,0.0,1.0,24.31833333333333,1181.25,11.574218634079903,0.020833333333333332,0.9166666666666666
certified,171,0.0,0.0,0.0,1.0,92.29979166666665,1181.25,11.72731311618233,0.020833333333333332,0.9166666666666666
certified,172,6.922967823923029,0.0,3.5684389757287174,0.0,92.17083333333333,1171.875,11.233831238433092,0.041666666666666664,0.8958333333333334
certified,173,0.0,0.0,0.0,1.0,94.765625,1181.25,11.678999102938159,0.020833333333333332,0.9166666666666666
certified,174,0.0,0.0,0.0,1.0,24.31833333333333,1181.25,11.602223161666004,0.020833333333333332,0.8958333333333334
certified,175,0.0,0.0,0.0,1.0,24.31833333333333,1181.25,11.394260543571896,0.020833333333333332,0.8958333333333334
certified,176,0.0,0.0,0.0,1.0,89.70729166666668,1171.875,11.3840769991526,0.041666666666666664,0.875
certified,177,0.0,0.0,0.0,1.0,24.31833333333333,1181.25,11.579735314377329,0.020833333333333332,0.9166666666666666
certified,178,0.45332347541027396,0.0,0.2402614419674457,0.0,89.84500000000003,1181.25,11.212141505424531,0.020833333333333332,0.8958333333333334
certified,179,0.0,0.0,0.0,1.0,89.70729166666668,1171.875,11.542422982475648,0.041666666666666664,0.9166666666666666
certified,180,0.0,0.0,0.0,1.0,89.84500000000003,1181.25,11.559985429991771,0.020833333333333332,0.8958333333333334
certified,181,0.0,0.0,0.0,1.0,92.29979166666665,1181.25,11.742321219845138,0.020833333333333332,0.8958333333333334
certified,182,2.328096748530667,0.0,1.2338912767212562,0.0,89.70729166666668,1171.875,11.262220917377547,0.041666666666666664,0.8541666666666666
certified,183,0.0,0.0,0.0,1.0,94.765625,1181.25,11.614484314259537,0.020833333333333332,0.8958333333333334
certified,184,0.0,0.0,0.0,1.0,94.60395833333332,1171.875,11.759610984826915,0.020833333333333332,0.9166666666666666
certified,185,0.0,0.0,0.0,1.0,24.31833333333333,1181.25,11.364152939694849,0.020833333333333332,0.8958333333333334
certified,186,8.507662355149751,0.0,4.509061048229378,0.0,92.29979166666665,1181.25,11.361007778805876,0.020833333333333332,0.8958333333333334
certified,187,0.0,0.0,0.0,1.0,94.765625,1181.25,11.368783369710954,0.020833333333333332,0.8958333333333334
certified,188,0.0,0.0,0.0,1.0,89.84500000000003,1181.25,11.605978416508947,0.020833333333333332,0.875
certified,189,2.629262678024414,0.0,1.3935092193529426,0.0,89.70729166666668,1171.875,11.390991994012461,0.041666666666666664,0.875
certified,190,0.0,0.0,0.0,1.0,24.31833333333333,1181.25,11.557827044251605,0.020833333333333332,0.8125
certified,191,0.0,0.0,0.0,1.0,94.60395833333332,1171.875,11.594770135306561,0.020833333333333332,0.8958333333333334
certified,192,0.0,0.0,0.0,1.0,94.765625,1181.25,11.430601056999082,0.020833333333333332,0.8958333333333334
certified,193,0.0,0.0,0.0,1.0,91.77958333333333,1162.5,11.459557872804316,0.041666666666666664,0.875
certified,194,0.0,0.0,0.0,1.0,92.364375,1194.7916666666667,11.513930116878447,0.020833333333333332,0.8125
certified,195,0.0,0.0,0.0,1.0,92.29979166666665,1181.25,11.542768975892116,0.020833333333333332,0.8958333333333334
certified,196,0.0,0.0,0.0,1.0,24.31833333333333,1181.25,11.491510914322651,0.020833333333333332,0.875
certified,197,0.0,0.0,0.0,1.0,94.765625,1181.25,11.495125383240199,0.020833333333333332,0.9166666666666666
certified,198,0.0,0.0,0.0,1.0,24.31833333333333,1181.25,11.642810099713381,0.020833333333333332,0.875
certified,199,0.0,0.0,0.0,1.0,24.31833333333333,1181.25,11.692604218624036,0.020833333333333332,0.875
