arm,episode,rebuffer_total,rebuffer_p95_chunk,rebuffer_p99_chunk,stallfree,vmaf_mean,bitrate_mean_kbps,buffer_mean,interv_rate,conformal_coverage
raw,0,64.71221586127201,10.840479720800182,22.266278431186088,0.0,90.90145833333332,3365.625,10.67105807600005,0.0,nan
raw,1,39.59110579985703,3.3159709722702115,17.52827830071026,0.0,88.47645833333333,3131.25,10.6703043648729,0.0,nan
raw,2,84.84718981228737,5.791230271076598,37.06507664326978,0.0,38.71666666666667,3321.875,10.554172719199956,0.0,nan
raw,3,21.37252638382042,1.233503122305915,9.737867111608297,0.0,90.88229166666667,2934.375,10.728030008640244,0.0,nan
raw,4,39.05127197855066,3.9213202494178505,16.749611396118095,0.0,38.94125,3310.4166666666665,10.536167560370629,0.0,nan
raw,5,95.62587321422669,4.1815622784489825,43.24116248537383,0.0,88.79166666666667,3372.9166666666665,10.448353683929122,0.0,nan
raw,6,46.8348759971624,0.0,24.547313686000688,0.0,38.46145833333333,3131.25,10.829774667561425,0.0,nan
raw,7,76.11667654024893,7.283378113097919,32.626930558667944,0.0,91.64354166666665,3171.875,10.448784063859604,0.0,nan
raw,8,71.41524161042469,9.679121785518577,24.665448269511383,0.0,86.62708333333335,3450.0,10.47006469542683,0.0,nan
raw,9,50.60475612095169,6.139719952502741,20.61975549582121,0.0,37.97625,3143.75,10.469442580280589,0.0,nan
raw,10,64.12191508501351,3.2581762066489124,29.48229220821102,0.0,38.11895833333333,3401.0416666666665,10.40162373410133,0.0,nan
raw,11,47.896819484047526,6.379496862401247,18.811987296708047,0.0,87.53020833333335,2971.875,10.68924993865546,0.0,nan
raw,12,42.32630270934279,5.9875468778769605,16.264758403296124,0.0,36.549791666666664,3150.0,10.703614223114021,0.0,nan
raw,13,40.0114227810236,8.10744004674018,12.449138937956816,0.0,89.48687499999998,3318.75,10.46040347857368,0.0,nan
raw,14,32.194633158153316,2.0021142511256462,14.396980696368992,0.0,38.109791666666666,3101.0416666666665,10.465480908512289,0.0,nan
raw,15,42.4316774308559,3.6537305968873324,18.161470663192063,0.0,38.28125,3317.7083333333335,10.562327325025015,0.0,nan
raw,16,80.44836974506438,15.697579515182605,25.56106109721953,0.0,34.461875,3009.375,10.65704790870996,0.0,nan
raw,17,48.007530551356865,4.537989204042569,20.385264094396682,0.0,91.17916666666666,3369.7916666666665,10.701875206936476,0.0,nan
raw,18,57.117706440749586,7.481013253953835,22.804286530913586,0.0,89.68291666666669,3309.375,10.654237995473679,0.0,nan
raw,19,32.00111177233238,5.866877780410229,10.650541768133525,0.0,90.22479166666666,3065.625,10.62288903079161,0.0,nan
raw,20,69.50334699314925,2.122796936506098,33.67217167984318,0.0,89.78895833333333,3271.875,10.655331954331706,0.0,nan
raw,21,50.28503740349594,7.288695683014796,19.070510359150727,0.0,92.29520833333333,3236.4583333333335,10.299533559047967,0.0,nan
raw,22,60.054324256403916,10.293350663707058,19.746512209237924,0.0,90.72208333333333,3282.2916666666665,10.45268938443992,0.0,nan
raw,23,28.83959585329591,0.124590032841055,15.055005762643159,0.0,90.14479166666666,3271.875,10.675184431334005,0.0,nan
raw,24,46.8348759971624,0.0,24.547313686000688,0.0,38.100208333333335,3065.625,10.839567005180271,0.0,nan
raw,25,71.76598784340098,7.571431285811612,29.498525876531104,0.0,36.629375,3403.125,10.572536992192786,0.0,nan
raw,26,46.08702981369943,6.5962385994936525,17.457234638544495,0.0,36.276875,3084.375,10.569088724999206,0.0,nan
raw,27,28.409602304545544,5.201673521061552,8.855867578251141,0.0,37.678124999999994,3082.2916666666665,10.404179527569232,0.0,nan
raw,28,60.12654620012394,8.035196628760351,21.86215363456546,0.0,38.17145833333333,3412.5,10.422506863530254,0.0,nan
raw,29,71.76598784340098,7.571431285811612,29.498525876531104,0.0,36.629375,3403.125,10.602838340225437,0.0,nan
raw,30,57.63749394813691,6.837632135050175,22.37808913492648,0.0,83.763125,2784.375,10.44938115469884,0.0,nan
raw,31,62.796343625530916,12.00869218842828,18.751583994976656,0.0,89.40083333333332,3179.1666666666665,10.445869591140921,0.0,nan
raw,32,53.94065645121989,6.137570476326841,21.959198121108024,0.0,88.43833333333335,3018.75,10.489724897963951,0.0,nan
raw,33,71.76598784340098,7.571431285811612,29.498525876531104,0.0,37.774791666666665,3450.0,10.562101997322202,0.0,nan
raw,34,39.75564864345011,7.187140349739859,13.012732727251347,0.0,36.109375,3028.125,10.592263214760276,0.0,nan
raw,35,53.360080486666064,7.014367171374194,20.58860488243242,0.0,90.59833333333331,3365.625,10.640144282613912,0.0,nan
raw,36,47.896819484047526,6.379496862401247,18.811987296708047,0.0,87.53083333333332,3037.5,10.726374699218011,0.0,nan
raw,37,28.83959585329591,0.124590032841055,15.055005762643159,0.0,89.92520833333333,3271.875,10.642040025906345,0.0,nan
raw,38,28.83959585329591,0.124590032841055,15.055005762643159,0.0,89.92458333333332,3206.25,10.618100520226427,0.0,nan
raw,39,64.5081337576084,6.441043153134984,27.506377830073397,0.0,38.75333333333333,3201.0416666666665,10.67064125190628,0.0,nan
raw,40,96.4679648558667,10.266568675682851,38.135960857002644,0.0,86.27041666666666,3506.25,10.474104848031491,0.0,nan
raw,41,48.007530551356865,4.537989204042569,20.385264094396682,0.0,91.11458333333333,3356.25,10.649786319417045,0.0,nan
raw,42,68.6830969998473,9.236413056228756,26.18045263789152,0.0,90.24333333333333,3212.5,10.381895996201377,0.0,nan
raw,43,46.08702981369943,6.5962385994936525,17.457234638544495,0.0,36.276875,3084.375,10.492049175845997,0.0,nan
raw,44,46.31401140106115,8.856916874221636,14.883292087651908,0.0,87.65875,3220.8333333333335,10.45979690273978,0.0,nan
raw,45,63.87833206869312,9.572322814117364,21.69265143008921,0.0,36.629375,3403.125,10.454705967384726,0.0,nan
raw,46,72.47201734631692,6.093341766495568,31.474211283744637,0.0,90.93604166666667,3136.4583333333335,10.452783929228316,0.0,nan
raw,47,58.797012782986634,8.409351562448201,22.027463516985186,0.0,91.41354166666666,3459.375,10.636067072537058,0.0,nan
raw,48,61.59395692314736,10.067994883544465,23.133069904023433,0.0,37.18687499999999,3128.125,10.526923194133387,0.0,nan
raw,49,66.70915878582461,4.975671924906641,29.923746593757222,0.0,90.2075,3309.375,10.67304211883084,0.0,nan
raw,50,94.81710911197655,12.86374829193811,34.655666295106876,0.0,85.55520833333333,3421.875,10.302434689955854,0.0,nan
raw,51,65.39992440597416,5.629652917424375,25.529186257591782,0.0,90.33,3125.0,10.389968581866883,0.0,nan
raw,52,54.851379580179184,4.978134827542367,23.30740978401201,0.0,36.303125,3037.5,10.640891491781707,0.0,nan
raw,53,96.57943442537496,13.526108165543018,34.613917392625204,0.0,85.19791666666667,3412.5,10.405205443782275,0.0,nan
raw,54,71.7392800037907,9.931195671856745,26.550167255207732,0.0,90.25125000000001,3406.25,10.423470285688966,0.0,nan
raw,55,72.01928636786236,13.929375526747043,24.014661661721576,0.0,86.26979166666666,3440.625,10.411322488857957,0.0,nan
raw,56,60.032338221182556,4.030155313094241,27.18243830013825,0.0,36.27895833333333,2998.9583333333335,10.673912544218835,0.0,nan
raw,57,122.40720234050971,21.808040539327088,37.76166177396551,0.0,88.83791666666667,3387.5,10.423486855430252,0.0,nan
raw,58,114.33997963148607,18.033512956351164,35.12993263805785,0.0,88.575625,3387.5,10.356709700896218,0.0,nan
raw,59,16.714156550408262,2.0352325272385654,6.695502853143927,0.0,38.329791666666665,3168.75,10.491047363988914,0.0,nan
raw,60,52.72228737173178,8.434832788491262,19.1154550029013,0.0,91.04979166666665,3450.0,10.556288464771631,0.0,nan
raw,61,39.59110579985703,3.3159709722702115,17.52827830071026,0.0,88.90479166666665,3271.875,10.684225753317035,0.0,nan
raw,62,40.6414340515888,2.8022683129207215,18.223233150048774,0.0,90.15270833333334,3562.5,10.603264287344578,0.0,nan
raw,63,43.89392102953794,1.6849209169963124,21.173937006278322,0.0,87.39375,3093.75,10.725218316435168,0.0,nan
raw,64,66.70915878582461,4.975671924906641,29.923746593757222,0.0,89.66875,3225.0,10.717978417448437,0.0,nan
raw,65,48.12935588302604,0.8793858433995565,24.317447498711875,0.0,90.07854166666665,3300.0,10.63336796812837,0.0,nan
raw,66,108.89141214402666,13.904535529568028,39.76672257701871,0.0,89.16062499999998,3437.5,10.462322630653402,0.0,nan
raw,67,87.81731441284116,7.830059611603919,37.60375013432742,0.0,90.11979166666667,3215.625,10.767786974373985,0.0,nan
raw,68,66.23239655128395,11.132567738577308,23.670736178167953,0.0,89.58062499999998,3056.25,10.6912929299413,0.0,nan
raw,69,39.75564864345011,7.187140349739859,13.012732727251347,0.0,36.109375,3028.125,10.731933090131983,0.0,nan
raw,70,95.0709586769256,18.17549854782295,31.58466666488797,0.0,88.32124999999998,3140.625,10.774354249899561,0.0,nan
raw,71,48.41114976975442,3.7664696784340195,20.8388662324634,0.0,35.64270833333333,2953.125,10.717358042911991,0.0,nan
raw,72,76.39676579056058,14.33593156630174,24.26219707565103,0.0,87.62604166666665,3585.4166666666665,10.52484418830747,0.0,nan
raw,73,28.83959585329591,0.124590032841055,15.055005762643159,0.0,90.28249999999998,3281.25,10.7128030248996,0.0,nan
raw,74,39.75564864345011,7.187140349739859,13.012732727251347,0.0,36.34729166666666,3037.5,10.602321050568461,0.0,nan
raw,75,61.277415220957806,9.61676344411895,22.22918858608251,0.0,89.2325,3571.875,10.619949182453082,0.0,nan
raw,76,47.17518352964477,5.814063454220878,18.432421294198292,0.0,89.14895833333334,3382.2916666666665,10.308791195596575,0.0,nan
raw,77,60.032338221182556,4.030155313094241,27.18243830013825,0.0,35.91770833333333,2933.3333333333335,10.720987830700063,0.0,nan
raw,78,69.90668025693236,3.2608995922252526,32.697638622704794,0.0,89.25458333333331,3168.75,10.667217283220706,0.0,nan
raw,79,70.58028375651124,15.406868661091028,21.82338206369033,0.0,89.11916666666666,3444.7916666666665,10.701087115249043,0.0,nan
raw,80,28.60735432955664,4.231353869237248,10.606781328323937,0.0,36.83229166666667,3000.0,10.693054455063844,0.0,nan
raw,81,16.714156550408262,2.0352325272385654,6.695502853143927,0.0,38.329791666666665,3168.75,10.5895207858747,0.0,nan
raw,82,34.89400554137305,2.974566080014716,15.147396505146578,0.0,36.151875,3100.0,10.365728125639565,0.0,nan
raw,83,54.48443794281476,5.519217636274666,23.52626052389163,0.0,38.581041666666664,3202.0833333333335,10.667069145786805,0.0,nan
raw,84,59.044093227043916,8.687136117100776,20.243677142307675,0.0,87.58729166666666,3243.75,10.45360586309392,0.0,nan
raw,85,63.87833206869312,9.572322814117364,21.69265143008921,0.0,36.86729166666667,3412.5,10.455917522817428,0.0,nan
raw,86,71.76598784340098,7.571431285811612,29.498525876531104,0.0,37.34312499999999,3431.25,10.475704130025393,0.0,nan
raw,87,94.81710911197655,12.86374829193811,34.655666295106876,0.0,85.19729166666666,3346.875,10.349841773906325,0.0,nan
raw,88,85.34748679661963,6.277895030348868,37.29362804421431,0.0,90.68604166666665,3440.625,10.560415524095125,0.0,nan
raw,89,72.47201734631692,6.093341766495568,31.474211283744637,0.0,90.93604166666667,3136.4583333333335,10.449849738026877,0.0,nan
raw,90,12.223106052065527,2.297450629266351,4.384561982100043,0.0,88.76458333333333,2850.0,10.598315293295038,0.0,nan
raw,91,77.96614208198478,7.464214413937302,34.01666622024571,0.0,38.79583333333333,3378.125,10.433443692280687,0.0,nan
raw,92,92.87098120966907,17.73088362012862,21.68399689060139,0.0,90.51958333333334,3561.4583333333335,10.387515399083213,0.0,nan
raw,93,122.53348335706497,23.453602974338786,33.800642958319564,0.0,88.45104166666665,3359.375,10.448147922813147,0.0,nan
raw,94,61.59395692314736,10.067994883544465,23.133069904023433,0.0,36.993125,3118.75,10.547625343523153,0.0,nan
raw,95,44.664054621317135,8.182080619247687,15.495547915655376,0.0,89.95166666666667,3328.125,10.589400344773694,0.0,nan
raw,96,38.942214122548464,6.56208278581236,13.595056763080485,0.0,37.219375,3178.125,10.728543216187703,0.0,nan
raw,97,44.664054621317135,8.182080619247687,15.495547915655376,0.0,89.95166666666667,3328.125,10.62369439283649,0.0,nan
raw,98,42.0793146482264,5.231893555028628,16.20460283343694,0.0,35.774791666666665,3112.5,10.475266803588882,0.0,nan
raw,99,73.7627002424455,6.052952462165315,31.615157388496108,0.0,91.66104166666666,3141.6666666666665,10.406495768059795,0.0,nan
raw,100,21.37252638382042,1.233503122305915,9.737867111608297,0.0,90.88291666666669,3000.0,10.65416327040799,0.0,nan
raw,101,73.08398775933088,4.55375230728724,33.56131528609521,0.0,90.22083333333335,3215.625,10.697483652976587,0.0,nan
raw,102,35.13378470051161,5.155600373176554,13.93311101556003,0.0,88.43708333333332,2887.5,10.673706679793261,0.0,nan
raw,103,57.63749394813691,6.837632135050175,22.37808913492648,0.0,84.12041666666666,2793.75,10.60468741035732,0.0,nan
raw,104,111.47259048060755,19.56283095865629,31.858694918014336,0.0,91.06083333333333,3415.625,10.327085042824978,0.0,nan
raw,105,40.6414340515888,2.8022683129207215,18.223233150048774,0.0,90.15270833333334,3562.5,10.676599918342509,0.0,nan
raw,106,72.01928636786236,13.929375526747043,24.014661661721576,0.0,86.26979166666666,3440.625,10.55173573522939,0.0,nan
raw,107,128.94375907582446,22.837085070919102,39.13327837130747,0.0,89.34395833333333,3321.875,10.47355890975934,0.0,nan
raw,108,89.92010817158044,14.75936571522541,26.873144944513427,0.0,90.10354166666666,3293.75,10.50600265203314,0.0,nan
raw,109,32.194633158153316,2.0021142511256462,14.396980696368992,0.0,38.091874999999995,3054.1666666666665,10.514221317383274,0.0,nan
raw,110,58.78723803991535,8.810085741026771,19.710183614582867,0.0,36.012708333333336,3121.875,10.488303753541183,0.0,nan
raw,111,86.3452176504735,13.241113622687198,28.851725563787973,0.0,86.36916666666666,3478.125,10.555569212044796,0.0,nan
raw,112,49.20065435572951,4.7192388621140715,20.63371817467557,0.0,90.77333333333331,3300.0,10.633672831188461,0.0,nan
raw,113,46.68554779194554,1.7173628186756629,22.67059937323711,0.0,89.15833333333335,3309.375,10.683611553715787,0.0,nan
raw,114,39.43197303055874,6.621957851785656,11.019601133142997,0.0,90.69937499999999,3365.625,10.491954529232084,0.0,nan
raw,115,95.0709586769256,18.17549854782295,31.58466666488797,0.0,88.58395833333333,3150.0,10.70665617536948,0.0,nan
raw,116,87.81731441284116,7.830059611603919,37.60375013432742,0.0,90.3825,3225.0,10.694228502830702,0.0,nan
raw,117,24.943117756909498,1.7827945508169754,11.13176553677895,0.0,90.07854166666665,3300.0,10.69558145776674,0.0,nan
raw,118,90.53467141142951,18.165035866422734,24.43986920805344,0.0,90.54708333333333,3443.75,10.51740089348552,0.0,nan
raw,119,114.81406590418706,18.726501622881464,36.43445499642371,0.0,87.85374999999999,3436.4583333333335,10.427783304542162,0.0,nan
raw,120,54.851379580179184,4.978134827542367,23.30740978401201,0.0,36.541041666666665,3046.875,10.629574219530536,0.0,nan
raw,121,42.137317957821864,5.340015273998562,16.26780053653595,0.0,91.38895833333333,3407.2916666666665,10.569766105910622,0.0,nan
raw,122,48.12935588302604,0.8793858433995565,24.317447498711875,0.0,90.20749999999998,3309.375,10.675080648349413,0.0,nan
raw,123,76.70278594821362,8.109723725880267,32.41634813108727,0.0,89.14145833333333,3146.875,10.457786837934409,0.0,nan
raw,124,57.41568811849962,0.7890091386538511,28.103335801691806,0.0,91.53854166666667,3515.625,10.70354133217871,0.0,nan
raw,125,38.942214122548464,6.56208278581236,13.595056763080485,0.0,37.219375,3178.125,10.6163669473427,0.0,nan
raw,126,95.0709586769256,18.17549854782295,31.58466666488797,0.0,88.74562499999998,3159.375,10.706121686853445,0.0,nan
raw,127,64.09668611574665,10.164518570104182,24.58762343819953,0.0,88.34833333333331,3206.25,10.600829974364116,0.0,nan
raw,128,28.60735432955664,4.231353869237248,10.606781328323937,0.0,36.788125,3000.0,10.643005715155317,0.0,nan
raw,129,87.57420221241706,8.38820479085002,32.61969042854942,0.0,87.95270833333332,3581.25,10.536096539900198,0.0,nan
raw,130,80.44836974506438,15.697579515182605,25.56106109721953,0.0,34.461875,3009.375,10.647908321498091,0.0,nan
raw,131,25.668115326201992,3.041072302749056,10.470411211166336,0.0,89.12375000000002,3056.25,10.571307911838806,0.0,nan
raw,132,111.47259048060755,19.56283095865629,31.858694918014336,0.0,91.06083333333333,3415.625,10.343207023787484,0.0,nan
raw,133,89.92010817158044,14.75936571522541,26.873144944513427,0.0,91.89916666666666,3485.4166666666665,10.463404445678217,0.0,nan
raw,134,36.57308902543982,5.544475995472922,13.382856480791503,0.0,36.532291666666666,2943.75,10.690288076610349,0.0,nan
raw,135,114.81406590418706,18.726501622881464,36.43445499642371,0.0,87.64166666666665,3347.9166666666665,10.46361800660991,0.0,nan
raw,136,43.89392102953794,1.6849209169963124,21.173937006278322,0.0,87.39375,3093.75,10.560728425445248,0.0,nan
raw,137,80.81094810778129,4.457058758185182,35.65836494668067,0.0,90.16250000000001,3665.625,10.542640075251533,0.0,nan
raw,138,35.13378470051161,5.155600373176554,13.93311101556003,0.0,88.795,2962.5,10.696922701639442,0.0,nan
raw,139,12.223106052065527,2.297450629266351,4.384561982100043,0.0,89.1225,2925.0,10.51165282678261,0.0,nan
raw,140,69.31677050836356,10.65788000589265,24.98955869508016,0.0,88.79145833333332,3686.4583333333335,10.6227888979314,0.0,nan
raw,141,46.08702981369943,6.5962385994936525,17.457234638544495,0.0,36.876041666666666,3159.375,10.460112833588246,0.0,nan
raw,142,73.7627002424455,6.052952462165315,31.615157388496108,0.0,91.88333333333333,3160.4166666666665,10.351915237277533,0.0,nan
raw,143,96.4679648558667,10.266568675682851,38.135960857002644,0.0,86.26916666666666,3375.0,10.47072691520111,0.0,nan
raw,144,108.4631991164795,5.329671225245416,48.0,0.0,86.54,3237.5,10.285631405621983,0.0,nan
raw,145,55.5401445364372,2.1513473736707636,25.868894656726866,0.0,92.333125,3213.5416666666665,10.343691334940443,0.0,nan
raw,146,76.45087848470882,6.22968936519975,33.537540127203584,0.0,91.82791666666667,3213.5416666666665,10.598084164728787,0.0,nan
raw,147,36.81874039892101,4.8353600394106095,14.001158458883268,0.0,86.98,3000.0,10.684526279853175,0.0,nan
raw,148,70.58028375651124,15.406868661091028,21.82338206369033,0.0,88.69229166666666,3412.5,10.692014810073331,0.0,nan
raw,149,57.117706440749586,7.481013253953835,22.804286530913586,0.0,89.7475,3322.9166666666665,10.692999617216858,0.0,nan
raw,150,64.13165835563665,8.911981677089583,23.90853198605419,0.0,88.66645833333332,3622.9166666666665,10.493802378818081,0.0,nan
raw,151,47.71591619642859,3.839860683949725,19.6089035645868,0.0,35.16729166666667,3026.0416666666665,10.353922641222683,0.0,nan
raw,152,86.59358700400207,11.230892999735705,34.3621612576719,0.0,86.53875,3150.0,10.681606667083173,0.0,nan
raw,153,39.43197303055874,6.621957851785656,11.019601133142997,0.0,90.69937499999999,3365.625,10.487376091887223,0.0,nan
raw,154,32.73679024169086,7.244763375093747,9.246880154286478,0.0,92.17458333333333,3421.875,10.548085008004628,0.0,nan
raw,155,85.28465146896437,4.895344326430179,38.37869635022912,0.0,88.92562500000001,3540.625,10.600023921977531,0.0,nan
raw,156,96.4679648558667,10.266568675682851,38.135960857002644,0.0,85.913125,3496.875,10.327160486665887,0.0,nan
raw,157,119.21108384776335,15.087204501046148,48.0,0.0,88.34250000000002,3427.0833333333335,10.567017659324788,0.0,nan
raw,158,77.96614208198478,7.464214413937302,34.01666622024571,0.0,39.03375,3387.5,10.486074979524188,0.0,nan
raw,159,53.94065645121989,6.137570476326841,21.959198121108024,0.0,88.79562500000002,3028.125,10.55735468442306,0.0,nan
raw,160,79.36024614447562,15.289267119300504,26.743705988045136,0.0,87.53583333333331,3562.5,10.311174474660724,0.0,nan
raw,161,119.21108384776335,15.087204501046148,48.0,0.0,88.34250000000002,3427.0833333333335,10.533497373940067,0.0,nan
raw,162,108.89141214402666,13.904535529568028,39.76672257701871,0.0,88.378125,3418.75,10.35286021975031,0.0,nan
raw,163,48.41114976975442,3.7664696784340195,20.8388662324634,0.0,36.074374999999996,2971.875,10.659863866641444,0.0,nan
raw,164,82.58114835805654,4.808161903300742,36.46848544587235,0.0,89.04291666666666,3500.0,10.300465279662722,0.0,nan
raw,165,55.586475369171296,3.4959959611776235,24.98393879680291,0.0,36.86875,3105.2083333333335,10.37450867555391,0.0,nan
raw,166,70.58028375651124,15.406868661091028,21.82338206369033,0.0,88.95499999999998,3421.875,10.696990413300254,0.0,nan
raw,167,50.01505411324569,9.564889334682206,15.151624870935409,0.0,86.25999999999999,3062.5,10.35729662458712,0.0,nan
raw,168,86.13412408270425,4.122612749665781,40.38207217680498,0.0,89.94916666666666,3350.0,10.422275203600018,0.0,nan
raw,169,77.89070668558239,10.66965390386201,30.054067699384408,0.0,90.906875,3746.875,10.595720097911896,0.0,nan
raw,170,19.673173342653406,0.2825931189056434,9.69323801999909,0.0,38.232708333333335,3065.625,10.682438760623315,0.0,nan
raw,171,40.6414340515888,2.8022683129207215,18.223233150048774,0.0,90.28166666666668,3571.875,10.67550062163349,0.0,nan
raw,172,69.90668025693236,3.2608995922252526,32.697638622704794,0.0,89.66437499999999,3243.75,10.634890859071627,0.0,nan
raw,173,21.364744459958093,3.193534615244899,8.403960805821805,0.0,92.71979166666665,3243.75,10.695290017347702,0.0,nan
raw,174,42.0793146482264,5.231893555028628,16.20460283343694,0.0,35.774791666666665,3112.5,10.51981085393869,0.0,nan
raw,175,55.586475369171296,3.4959959611776235,24.98393879680291,0.0,36.86875,3105.2083333333335,10.371695964972536,0.0,nan
raw,176,91.93532148471567,10.86675579095411,36.0618757199937,0.0,87.67166666666667,3375.0,10.321695903757771,0.0,nan
raw,177,19.673173342653406,0.2825931189056434,9.69323801999909,0.0,38.232708333333335,3065.625,10.690713781069455,0.0,nan
raw,178,108.8650342793285,11.524217705126604,45.71367023219284,0.0,88.07145833333334,3315.625,10.351171009985354,0.0,nan
raw,179,47.896819484047526,6.379496862401247,18.811987296708047,0.0,87.53020833333335,2971.875,10.676630162629161,0.0,nan
raw,180,55.117288028519056,2.3829058614063214,25.959918313471444,0.0,88.545,2850.0,10.789828022997815,0.0,nan
raw,181,68.6830969998473,9.236413056228756,26.18045263789152,0.0,89.70458333333333,3128.125,10.497059533354822,0.0,nan
raw,182,108.4631991164795,5.329671225245416,48.0,0.0,86.18270833333334,3228.125,10.33025171560854,0.0,nan
raw,183,39.43197303055874,6.621957851785656,11.019601133142997,0.0,90.27499999999999,3346.875,10.411087344391989,0.0,nan
raw,184,39.83281351630002,4.489133836916892,16.601261105380196,0.0,90.53770833333333,3356.25,10.74050724965985,0.0,nan
raw,185,55.586475369171296,3.4959959611776235,24.98393879680291,0.0,36.86875,3105.2083333333335,10.326726550117344,0.0,nan
raw,186,58.65992294974495,2.9117375820749842,28.34475353472595,0.0,91.76375,3384.375,10.547459069680444,0.0,nan
raw,187,59.044093227043916,8.687136117100776,20.243677142307675,0.0,87.58729166666666,3243.75,10.49581676168848,0.0,nan
raw,188,79.36024614447562,15.289267119300504,26.743705988045136,0.0,87.17729166666668,3421.875,10.449389718632858,0.0,nan
raw,189,96.4679648558667,10.266568675682851,38.135960857002644,0.0,86.26916666666666,3375.0,10.446206709157188,0.0,nan
raw,190,58.78723803991535,8.810085741026771,19.710183614582867,0.0,36.012708333333336,3121.875,10.498861050442452,0.0,nan
raw,191,36.067191604591,2.589661553882941,16.26780053653595,0.0,91.25833333333333,3328.125,10.7708775701486,0.0,nan
raw,192,59.044093227043916,8.687136117100776,20.243677142307675,0.0,88.01166666666666,3262.5,10.55858188664635,0.0,nan
raw,193,80.81094810778129,4.457058758185182,35.65836494668067,0.0,90.03354166666668,3656.25,10.502799916145376,0.0,nan
raw,194,87.57420221241706,8.38820479085002,32.61969042854942,0.0,87.95270833333332,3581.25,10.458793736606026,0.0,nan
raw,195,54.67853674475302,7.713320581928385,21.032030989266744,0.0,87.0775,3234.375,10.671569837441131,0.0,nan
raw,196,64.12191508501351,3.2581762066489124,29.48229220821102,0.0,37.51979166666667,3326.0416666666665,10.403561242151975,0.0,nan
raw,197,49.20065435572951,4.7192388621140715,20.63371817467557,0.0,89.56083333333332,3253.125,10.571273679229721,0.0,nan
raw,198,49.17098648652253,3.57528082583696,21.663430228284295,0.0,39.80145833333333,3476.0416666666665,10.397452629167802,0.0,nan
raw,199,38.942214122548464,6.56208278581236,13.595056763080485,0.0,37.219375,3178.125,10.649754855900097,0.0,nan
safety,0,43.34007049984635,0.0,22.266278431186088,0.0,89.98875,2375.0,10.980655565886181,0.3541666666666667,0.9375
safety,1,33.600309624881895,0.0,17.52827830071026,0.0,87.07187499999999,2380.2083333333335,10.948130656913614,0.3333333333333333,0.9375
safety,2,60.61322150521238,5.663086225984603,25.780578682495534,0.0,33.765625,2662.5,10.567760982360584,0.25,0.8958333333333334
safety,3,9.74495589159067,0.0,5.164826622543067,0.0,90.11187500000001,2311.4583333333335,10.996078454189911,0.25,0.9166666666666666
safety,4,17.624493735364087,0.16383695424418362,8.853566900038144,0.0,33.55916666666666,2497.9166666666665,10.619141989655583,0.2916666666666667,0.8958333333333334
safety,5,43.74492047970591,0.0,22.919130644537447,0.0,88.25520833333333,2263.5416666666665,10.91502026558589,0.3333333333333333,0.9166666666666666
safety,6,42.24869945557199,0.0,22.3918107114532,0.0,35.38770833333333,2723.9583333333335,11.013298582200987,0.1875,0.9166666666666666
safety,7,19.946696530247753,0.0,10.539562042579275,0.0,90.93208333333332,2198.9583333333335,10.784604678831878,0.3541666666666667,0.9166666666666666
safety,8,33.56361634824229,0.0,17.098312066729804,0.0,86.09395833333333,2365.625,10.810592258669885,0.2916666666666667,0.8958333333333334
safety,9,28.66733387653717,0.0,15.193686954564733,0.0,32.68145833333333,2268.75,10.872655490158552,0.3333333333333333,0.8958333333333334
safety,10,41.780961347868256,0.813940203512043,21.34996401432587,0.0,31.41541666666667,2343.75,10.83762244007726,0.3541666666666667,0.9166666666666666
safety,11,36.379347022864806,4.055340418608215,15.439099396128928,0.0,87.003125,2423.9583333333335,10.902393184773521,0.22916666666666666,0.9166666666666666
safety,12,14.148575220920076,1.697023789077855,5.891099137508845,0.0,31.035,2312.5,10.7656208538874,0.3125,0.9166666666666666
safety,13,20.733332143834676,0.0,10.612115209041573,0.0,88.51791666666668,2208.3333333333335,10.90494986589333,0.3333333333333333,0.9375
safety,14,16.990879425605495,0.0,9.005166095570932,0.0,32.20791666666666,2231.25,11.01946125210784,0.375,0.9166666666666666
safety,15,25.162695065535402,2.9900431165647072,10.176201914740275,0.0,33.10125,2526.0416666666665,10.599529473020375,0.2708333333333333,0.8958333333333334
safety,16,29.43120220165343,0.0,14.911996783697903,0.0,27.719583333333333,2053.125,10.86263425425908,0.2916666666666667,0.9375
safety,17,36.25008417367307,0.0,18.98028551906178,0.0,90.15291666666667,2608.3333333333335,11.110370366929411,0.3125,0.9375
safety,18,42.77767486008041,0.0,22.070476359036114,0.0,88.45895833333334,2561.4583333333335,10.982580684227065,0.3125,0.9166666666666666
safety,19,17.335678258771942,0.10483077456232127,8.8471465610234,0.0,89.94437500000002,2488.5416666666665,10.78381590747422,0.20833333333333334,0.9375
safety,20,50.850697767260925,0.27786032868805854,26.57891355909978,0.0,89.60541666666666,2561.4583333333335,10.873517708373624,0.2916666666666667,0.9166666666666666
safety,21,20.013510088131063,0.1733345435279072,9.90783816522148,0.0,91.83333333333333,2336.4583333333335,10.708622773615936,0.3333333333333333,0.9166666666666666
safety,22,25.724211644588152,0.5142227759597351,13.159693853740642,0.0,89.38895833333333,2397.9166666666665,10.648693503338835,0.2916666666666667,0.8958333333333334
safety,23,26.699741793381875,0.0,14.139362532076326,0.0,88.96145833333333,2869.7916666666665,10.859984482113871,0.22916666666666666,0.9166666666666666
safety,24,42.24869945557199,0.0,22.3918107114532,0.0,35.02645833333333,2658.3333333333335,11.02309091981983,0.1875,0.9166666666666666
safety,25,51.46004999400007,0.7192657328977343,26.302121361217097,0.0,29.141875,2326.0416666666665,10.67191307473417,0.3125,0.9166666666666666
safety,26,16.14269466432217,0.0,8.551389888963465,0.0,29.697083333333335,2175.0,10.887578335484982,0.3541666666666667,0.8958333333333334
safety,27,19.00047381387936,3.476972981052306,6.824271221104,0.0,33.81041666666667,2528.125,10.539226985623902,0.20833333333333334,0.8958333333333334
safety,28,35.83209063050593,1.7923375622006164,17.132578885623747,0.0,33.26416666666666,2556.25,10.639042805523763,0.2916666666666667,0.8958333333333334
safety,29,51.46004999400007,0.7192657328977343,26.302121361217097,0.0,29.141875,2326.0416666666665,10.70221442276682,0.3125,0.9166666666666666
safety,30,25.69238060962361,0.0,13.274756297061009,0.0,82.43666666666667,1868.75,10.693808399104805,0.2916666666666667,0.9375
safety,31,33.64588149135437,1.6709815359730702,15.734473025417978,0.0,88.78020833333333,2271.875,10.92410945195202,0.3541666666666667,0.9375
safety,32,38.43018345351062,0.23025989022500773,19.911681790155285,0.0,87.91354166666667,2484.375,10.634440045486928,0.20833333333333334,0.9375
safety,33,51.46004999400007,0.7192657328977343,26.302121361217097,0.0,29.855625,2354.1666666666665,10.707720091407927,0.3333333333333333,0.9166666666666666
safety,34,25.881259197120386,0.0,13.012732727251347,0.0,31.405833333333334,2308.3333333333335,10.945063238617228,0.2916666666666667,0.9166666666666666
safety,35,24.137541537738834,3.3679914827768833,9.614677483354372,0.0,89.80479166666665,2548.9583333333335,10.776385666403675,0.2916666666666667,0.9166666666666666
safety,36,36.379347022864806,4.055340418608215,15.439099396128928,0.0,87.00375000000001,2489.5833333333335,10.939517945336071,0.22916666666666666,0.9166666666666666
safety,37,26.699741793381875,0.0,14.139362532076326,0.0,89.23625,2822.9166666666665,10.776402947460062,0.20833333333333334,0.9166666666666666
safety,38,26.699741793381875,0.0,14.139362532076326,0.0,89.23562499999998,2757.2916666666665,10.752463441780142,0.20833333333333334,0.9166666666666666
safety,39,30.74874380953294,0.0,16.296834219052492,0.0,33.2375,2406.25,10.803042677711032,0.2916666666666667,0.9375
safety,40,50.05498754200141,2.5581615516932765,23.822402271209597,0.0,84.30749999999999,2318.75,10.760896563134066,0.3125,0.9166666666666666
safety,41,36.25008417367307,0.0,18.98028551906178,0.0,90.15291666666667,2608.3333333333335,11.044790994067574,0.3125,0.9375
safety,42,33.414459501197,4.615833121803446,13.312106033550503,0.0,89.53208333333333,2491.6666666666665,10.464425266838493,0.20833333333333334,0.8958333333333334
safety,43,16.14269466432217,0.0,8.551389888963465,0.0,29.697083333333335,2175.0,10.81053878633177,0.3541666666666667,0.8958333333333334
safety,44,29.53431804018992,0.09177036300894918,14.778272931580606,0.0,87.48312500000002,2394.7916666666665,10.717808669878842,0.25,0.8958333333333334
safety,45,44.74931628672188,1.5681962357106705,21.69265143008921,0.0,28.364791666666665,2268.75,10.766605737449007,0.3541666666666667,0.9166666666666666
safety,46,19.580107161448126,0.0015397096111235487,9.971861882125935,0.0,88.85041666666666,2107.2916666666665,10.885900366396912,0.375,0.9166666666666666
safety,47,38.20906016652214,0.0,19.85667047782151,0.0,90.56416666666665,2480.2083333333335,10.946688931847158,0.3333333333333333,0.9375
safety,48,26.08992715356951,0.6872975696836292,13.067735879684077,0.0,31.115,2195.8333333333335,10.691379212049336,0.3333333333333333,0.9166666666666666
safety,49,53.888088597538925,0.0,28.207401640843344,0.0,89.08187500000001,2531.25,11.13495226639183,0.3125,0.9375
safety,50,50.64360213922602,1.4667805555403772,24.72890152510847,0.0,84.45895833333334,2211.4583333333335,10.707471094665756,0.3333333333333333,0.9166666666666666
safety,51,26.175672167916577,0.0,13.60568097002274,0.0,88.62291666666665,2072.9166666666665,10.888167213516988,0.375,0.9375
safety,52,28.31380520092831,1.2999337565607514,13.583057345585985,0.0,32.94583333333333,2466.6666666666665,10.783049998883214,0.22916666666666666,0.9166666666666666
safety,53,40.102495690639245,0.0,20.19601799916019,0.0,83.78916666666667,2137.5,10.735278553905234,0.3333333333333333,0.9166666666666666
safety,54,30.506507689068012,1.6505418895105863,14.429282834859839,0.0,88.71333333333332,2518.75,10.4725255248907,0.2708333333333333,0.8958333333333334
safety,55,43.089242384699794,0.0,21.737352773100092,0.0,84.86104166666667,2165.625,10.947427498998982,0.375,0.9375
safety,56,41.9323129458497,2.844538673826694,19.53271845220221,0.0,33.396875,2581.25,10.675452325564052,0.14583333333333334,0.9166666666666666
safety,57,48.58860287411301,5.959721228914208,18.73258856581097,0.0,88.073125,2580.2083333333335,10.435815901264933,0.25,0.8958333333333334
safety,58,59.92036935028302,1.435574996604084,30.004542443242414,0.0,87.98458333333333,2472.9166666666665,10.575235969917566,0.3125,0.8958333333333334
safety,59,2.868193714710472,0.0,1.5201426687965534,0.0,33.687083333333334,2471.875,10.85825988151909,0.2916666666666667,0.8958333333333334
safety,60,37.27578169222475,0.0,19.1154550029013,0.0,89.72937499999999,2428.125,10.98596565082478,0.3541666666666667,0.9166666666666666
safety,61,33.600309624881895,0.0,17.52827830071026,0.0,87.10895833333332,2511.4583333333335,10.975586666917687,0.3541666666666667,0.9375
safety,62,17.65926692935451,0.0,9.127680673453977,0.0,89.29937500000001,2647.9166666666665,10.937853758129672,0.2916666666666667,0.9166666666666666
safety,63,41.301735003389766,0.0,21.173937006278322,0.0,87.00270833333333,2478.125,11.113245830119657,0.25,0.9583333333333334
safety,64,53.888088597538925,0.0,28.207401640843344,0.0,89.06333333333333,2465.625,11.1492105251699,0.2916666666666667,0.9375
safety,65,46.77645458548825,0.0,24.317447498711875,0.0,87.79312499999999,2560.4166666666665,11.102475060536554,0.4166666666666667,0.9166666666666666
safety,66,61.76083045616362,3.628102358943532,29.284193224083925,0.0,88.78708333333331,2639.5833333333335,10.713564787738683,0.22916666666666666,0.8958333333333334
safety,67,58.08977547870903,2.6628054356851547,28.256781313805558,0.0,89.82354166666666,2525.0,10.84177266480395,0.1875,0.9166666666666666
safety,68,24.85070104651694,0.2638295039863492,12.47706033903597,0.0,89.23854166666665,2323.9583333333335,10.848646794162065,0.2708333333333333,0.8958333333333334
safety,69,25.881259197120386,0.0,13.012732727251347,0.0,31.405833333333334,2308.3333333333335,11.084733113988934,0.2916666666666667,0.9166666666666666
safety,70,57.019827537572894,0.6521818944444585,28.297929980991913,0.0,87.69625,2236.4583333333335,10.86817369930109,0.2708333333333333,0.9375
safety,71,30.66276953057686,0.0,16.027951029076668,0.0,30.014999999999997,2172.9166666666665,10.983400772356864,0.3125,0.9375
safety,72,29.776180928266612,1.4173201654574676,14.485179670185302,0.0,85.89812500000001,2352.0833333333335,10.822740280038152,0.3958333333333333,0.9375
safety,73,26.699741793381875,0.0,14.139362532076326,0.0,89.23625,2822.9166666666665,10.881700366386262,0.22916666666666666,0.9166666666666666
safety,74,25.881259197120386,0.0,13.012732727251347,0.0,31.405833333333334,2308.3333333333335,10.985624186167527,0.3125,0.9166666666666666
safety,75,27.036708403591902,0.0,14.263967079214556,0.0,88.28166666666668,2329.1666666666665,11.076428526682676,0.3333333333333333,0.9375
safety,76,17.071185210501845,0.24036201230053278,8.451364172321407,0.0,87.719375,2390.625,10.71809479676299,0.3333333333333333,0.9166666666666666
safety,77,41.9323129458497,2.844538673826694,19.53271845220221,0.0,33.035625,2515.625,10.722527612045283,0.14583333333333334,0.9166666666666666
safety,78,51.13760925807714,0.0,26.914676351296308,0.0,88.76708333333333,2491.6666666666665,10.888837653552633,0.2708333333333333,0.9166666666666666
safety,79,30.41902037924983,1.981106844408026,14.058419939531507,0.0,87.9833333333333,2453.125,10.822574762737169,0.2916666666666667,0.9166666666666666
safety,80,12.418354785040883,0.0,6.4647818781669955,0.0,31.459166666666665,2252.0833333333335,10.823648813783684,0.2916666666666667,0.9375
safety,81,2.868193714710472,0.0,1.5201426687965534,0.0,33.687083333333334,2471.875,10.956733303404874,0.2916666666666667,0.8958333333333334
safety,82,25.92512802970754,1.2318019904097053,12.508455506605467,0.0,30.145624999999995,2178.125,10.81521215642703,0.3333333333333333,0.9375
safety,83,45.2971564593022,0.7944316584712334,22.889745871761193,0.0,33.505625,2529.1666666666665,10.81057987803932,0.25,0.8958333333333334
safety,84,25.34953025242039,1.778730183234706,11.776890925790484,0.0,86.96979166666667,2044.7916666666667,10.741359360861209,0.3333333333333333,0.9166666666666666
safety,85,44.74931628672188,1.5681962357106705,21.69265143008921,0.0,28.364791666666665,2268.75,10.794548414004959,0.375,0.9166666666666666
safety,86,51.46004999400007,0.7192657328977343,26.302121361217097,0.0,29.855625,2354.1666666666665,10.57508021256678,0.3125,0.9166666666666666
safety,87,50.64360213922602,1.4667805555403772,24.72890152510847,0.0,84.45833333333334,2145.8333333333335,10.697366868472137,0.3125,0.9166666666666666
safety,88,53.42390299591161,0.03250984920938295,27.866726928446333,0.0,89.78833333333334,2406.25,10.785693209761078,0.3125,0.9166666666666666
safety,89,19.580107161448126,0.0015397096111235487,9.971861882125935,0.0,88.85041666666666,2107.2916666666665,10.882966175195476,0.375,0.9166666666666666
safety,90,3.6729721297532905,0.0,1.9466752287692481,0.0,88.045,2272.9166666666665,10.838201047030699,0.25,0.9166666666666666
safety,91,18.691232087888263,0.0,9.879772641338867,0.0,32.50604166666666,2397.9166666666665,10.709461562153997,0.3125,0.9166666666666666
safety,92,40.2893504998634,4.279353198838848,16.475691521560254,0.0,89.75479166666666,2754.1666666666665,10.536050695873085,0.2708333333333333,0.8958333333333334
safety,93,55.675473593009436,0.0,28.10395820540895,0.0,86.25104166666667,2165.625,10.845229324392463,0.4166666666666667,0.9375
safety,94,26.08992715356951,0.6872975696836292,13.067735879684077,0.0,30.92125,2186.4583333333335,10.712081361439106,0.3333333333333333,0.9166666666666666
safety,95,12.537576849653151,0.04439828332964407,6.523315663909835,0.0,89.50124999999998,2333.3333333333335,10.71498301588892,0.25,0.8958333333333334
safety,96,26.923649854145154,0.0,13.595056763080485,0.0,30.920625,2320.8333333333335,11.144304457905028,0.2916666666666667,0.9583333333333334
safety,97,12.537576849653151,0.04439828332964407,6.523315663909835,0.0,89.50124999999998,2333.3333333333335,10.749277063951718,0.25,0.8958333333333334
safety,98,28.854146662144665,3.3673734659362484,12.191288868132563,0.0,27.65125,2014.5833333333333,10.816744012336079,0.3958333333333333,0.9375
safety,99,30.229613812141153,0.0,16.021695320434844,0.0,90.75562500000001,2221.875,10.876594470293888,0.3958333333333333,0.8958333333333334
safety,100,9.74495589159067,0.0,5.164826622543067,0.0,90.1125,2377.0833333333335,10.922211715957658,0.25,0.9166666666666666
safety,101,41.74257076695623,0.0,22.12356250648685,0.0,89.93624999999997,2275.0,10.883584378709378,0.2916666666666667,0.9166666666666666
safety,102,27.06715722798188,0.0,13.869691757921803,0.0,87.99187500000001,2330.2083333333335,10.824763234447126,0.22916666666666666,0.9375
safety,103,25.69238060962361,0.0,13.274756297061009,0.0,82.43666666666667,1868.75,10.90022474925307,0.3125,0.9375
safety,104,50.41391968731908,2.9609495851433847,23.47991458946185,0.0,89.81624999999998,2491.6666666666665,10.504878306081041,0.2916666666666667,0.9166666666666666
safety,105,17.65926692935451,0.0,9.127680673453977,0.0,89.29937500000001,2647.9166666666665,11.002567116074792,0.2916666666666667,0.9166666666666666
safety,106,43.089242384699794,0.0,21.737352773100092,0.0,84.86104166666667,2165.625,11.087840745370409,0.375,0.9375
safety,107,62.94079020572056,5.928439169245731,26.90529222781064,0.0,88.47416666666668,2452.0833333333335,10.689696770469952,0.3125,0.9166666666666666
safety,108,43.58173946878069,0.0,22.43215558474765,0.0,89.90374999999999,2388.5416666666665,10.820695064540564,0.3125,0.9166666666666666
safety,109,16.990879425605495,0.0,9.005166095570932,0.0,32.42791666666667,2193.75,11.028678120182226,0.3541666666666667,0.9166666666666666
safety,110,23.062825997877848,0.0,11.59461303982672,0.0,29.493958333333335,2196.875,10.767365412423345,0.3541666666666667,0.9166666666666666
safety,111,22.008172216697723,0.0,11.459641805399716,0.0,83.98083333333334,2125.0,10.810973930136148,0.3541666666666667,0.9166666666666666
safety,112,23.67521895516112,0.0,12.439807924170779,0.0,89.875625,2265.625,10.93982767789995,0.3333333333333333,0.9166666666666666
safety,113,44.043451147829124,0.0,22.67059937323711,0.0,87.75791666666665,2521.875,11.07747248274246,0.3541666666666667,0.9583333333333334
safety,114,12.448293989928061,0.0,6.301591214605939,0.0,89.13749999999999,2323.9583333333335,10.791308909486736,0.3333333333333333,0.8958333333333334
safety,115,57.019827537572894,0.6521818944444585,28.297929980991913,0.0,87.69625,2236.4583333333335,10.817315767361558,0.2916666666666667,0.9375
safety,116,58.08977547870903,2.6628054356851547,28.256781313805558,0.0,89.82354166666666,2525.0,10.785214475557053,0.20833333333333334,0.9166666666666666
safety,117,21.35544451569364,1.1138142453181725,10.300994123868437,0.0,88.92666666666666,2704.1666666666665,10.794860421847602,0.25,0.9166666666666666
safety,118,48.5090075852213,0.0,24.43986920805344,0.0,89.974375,2577.0833333333335,10.909783026735886,0.3125,0.9166666666666666
safety,119,69.07654688898113,0.0,35.34597703782116,0.0,86.34416666666665,2365.625,11.02847367188379,0.3541666666666667,0.9375
safety,120,28.31380520092831,1.2999337565607514,13.583057345585985,0.0,32.94583333333333,2466.6666666666665,10.807372972076365,0.25,0.9166666666666666
safety,121,8.716147796660167,0.0,4.460797045624133,0.0,90.5575,2421.875,10.757173083602416,0.2916666666666667,0.8958333333333334
safety,122,46.77645458548825,0.0,24.317447498711875,0.0,87.79312499999999,2560.4166666666665,11.148224623682516,0.4166666666666667,0.9166666666666666
safety,123,21.458937887086876,1.9477165675584285,9.567949537990561,0.0,88.06916666666666,2164.5833333333335,10.552636148110587,0.2708333333333333,0.8958333333333334
safety,124,29.492627118843554,0.021920384356644493,15.541476749917589,0.0,91.05999999999999,2655.2083333333335,10.884933392111584,0.2708333333333333,0.9166666666666666
safety,125,26.923649854145154,0.0,13.595056763080485,0.0,30.920625,2320.8333333333335,11.032128189060023,0.2916666666666667,0.9583333333333334
safety,126,57.019827537572894,0.6521818944444585,28.297929980991913,0.0,87.69625,2236.4583333333335,10.833621421436073,0.2916666666666667,0.9375
safety,127,33.39168143466024,0.7331463207994957,16.97587886450927,0.0,87.875,2190.625,10.729911515324565,0.2708333333333333,0.9166666666666666
safety,128,12.418354785040883,0.0,6.4647818781669955,0.0,31.65291666666667,2261.4583333333335,10.746062007986465,0.2708333333333333,0.9375
safety,129,30.079604492950047,4.069300622433211,12.164116224824777,0.0,86.289375,2361.4583333333335,10.897438525051427,0.3958333333333333,0.9166666666666666
safety,130,29.43120220165343,0.0,14.911996783697903,0.0,27.719583333333333,2053.125,10.85349466704721,0.2916666666666667,0.9375
safety,131,17.986917383966308,0.0,9.430390299975752,0.0,88.16249999999998,2481.25,10.838648372079497,0.25,0.9166666666666666
safety,132,50.41391968731908,2.9609495851433847,23.47991458946185,0.0,89.81624999999998,2491.6666666666665,10.521000287043547,0.2916666666666667,0.9166666666666666
safety,133,43.58173946878069,0.0,22.43215558474765,0.0,91.11458333333333,2547.9166666666665,10.832147181073138,0.3333333333333333,0.9166666666666666
safety,134,27.45724188154843,2.479329505340473,12.14216622372698,0.0,31.855,2282.2916666666665,10.908884089823802,0.22916666666666666,0.9375
safety,135,69.07654688898113,0.0,35.34597703782116,0.0,86.34416666666665,2365.625,10.995955797504669,0.3541666666666667,0.9375
safety,136,41.301735003389766,0.0,21.173937006278322,0.0,87.00270833333333,2478.125,10.948755939129738,0.25,0.9583333333333334
safety,137,38.35131247947369,1.927407177691672,18.525945217385118,0.0,87.78125,2440.625,11.029261494739323,0.4166666666666667,0.9375
safety,138,27.06715722798188,0.0,13.869691757921803,0.0,87.99249999999999,2395.8333333333335,10.893962401444632,0.25,0.9375
safety,139,3.6729721297532905,0.0,1.9466752287692481,0.0,88.40291666666667,2347.9166666666665,10.751538580518272,0.25,0.9166666666666666
safety,140,11.761096353671297,0.6965220924467824,5.545771702431178,0.0,88.37333333333333,2618.75,10.656014069441168,0.25,0.8958333333333334
safety,141,16.14269466432217,0.0,8.551389888963465,0.0,30.058333333333334,2240.625,10.817796933051975,0.375,0.8958333333333334
safety,142,30.229613812141153,0.0,16.021695320434844,0.0,91.24062499999998,2250.0,10.80259303095906,0.375,0.8958333333333334
safety,143,50.05498754200141,2.5581615516932765,23.822402271209597,0.0,84.66354166666666,2196.875,10.712411753004915,0.2916666666666667,0.9166666666666666
safety,144,53.488617500250164,0.4466518157056553,27.69668660453046,0.0,84.84604166666666,2117.7083333333335,10.721251198073473,0.3958333333333333,0.9375
safety,145,18.611846628092245,0.0,9.833843653762191,0.0,91.46249999999999,2244.7916666666665,10.8910782963188,0.3541666666666667,0.9166666666666666
safety,146,48.50891351240398,0.6856225145912979,24.490215895138025,0.0,90.66000000000001,2464.5833333333335,10.628278619953237,0.2708333333333333,0.8958333333333334
safety,147,27.529317113285586,0.0,14.001158458883268,0.0,85.23604166666667,2298.9583333333335,10.94317711862697,0.3541666666666667,0.9375
safety,148,30.41902037924983,1.981106844408026,14.058419939531507,0.0,87.9833333333333,2453.125,10.757051777607629,0.2708333333333333,0.9166666666666666
safety,149,42.77767486008041,0.0,22.070476359036114,0.0,88.45895833333334,2561.4583333333335,11.038976758970874,0.3125,0.9166666666666666
safety,150,10.080425136600896,0.6587278067486666,4.70449623932784,0.0,87.62854166666666,2502.0833333333335,10.61572657708548,0.3125,0.8958333333333334
safety,151,19.351163326441153,0.0,10.106513543968738,0.0,27.456249999999997,1917.7083333333333,10.867772970667774,0.3541666666666667,0.9375
safety,152,63.31397340976315,0.9169433719742006,31.9284134031764,0.0,85.69895833333332,2283.3333333333335,10.861134146635273,0.3125,0.9375
safety,153,12.448293989928061,0.0,6.301591214605939,0.0,89.13749999999999,2323.9583333333335,10.786730472141874,0.3333333333333333,0.8958333333333334
safety,154,6.826937175023385,0.0,3.618276702762402,0.0,91.46145833333333,2417.7083333333335,10.847666045653405,0.3125,0.8958333333333334
safety,155,53.00727641910432,0.1222987096278306,27.70498854232511,0.0,88.56625000000001,2629.1666666666665,10.791710177958514,0.2708333333333333,0.8958333333333334
safety,156,50.05498754200141,2.5581615516932765,23.822402271209597,0.0,84.30749999999999,2318.75,10.56884532446969,0.2916666666666667,0.9166666666666666
safety,157,61.66316685009065,3.0714221379969286,29.64081395052948,0.0,87.34937500000001,2476.0416666666665,10.641258685759825,0.2708333333333333,0.9166666666666666
safety,158,18.691232087888263,0.0,9.879772641338867,0.0,32.50604166666666,2397.9166666666665,10.792844539433284,0.3333333333333333,0.9166666666666666
safety,159,38.43018345351062,0.23025989022500773,19.911681790155285,0.0,87.91354166666667,2484.375,10.759208074932852,0.22916666666666666,0.9375
safety,160,53.04488990556414,0.0,26.743705988045136,0.0,85.97833333333334,2354.1666666666665,10.854363777341044,0.375,0.9375
safety,161,61.66316685009065,3.0714221379969286,29.64081395052948,0.0,87.34937500000001,2476.0416666666665,10.61640834000489,0.2708333333333333,0.9166666666666666
safety,162,61.76083045616362,3.628102358943532,29.284193224083925,0.0,88.00458333333331,2620.8333333333335,10.604102376835591,0.22916666666666666,0.8958333333333334
safety,163,30.66276953057686,0.0,16.027951029076668,0.0,30.014999999999997,2172.9166666666665,10.987023785278069,0.3333333333333333,0.9375
safety,164,51.69839293974326,0.0,27.17824468167938,0.0,86.64479166666668,2253.125,11.036462141626574,0.4375,0.9375
safety,165,44.05456705276963,1.0022012937140612,22.43642390988959,0.0,29.43166666666667,2125.0,10.846570188921325,0.4166666666666667,0.9375
safety,166,30.41902037924983,1.981106844408026,14.058419939531507,0.0,87.9833333333333,2453.125,10.77841628791792,0.2916666666666667,0.9166666666666666
safety,167,24.78904873629306,1.4438179341143678,11.32733311381004,0.0,85.90625,2156.25,10.757261883513175,0.3125,0.9375
safety,168,48.0,0.0,25.440000000000055,0.0,88.07000000000001,2350.0,10.787651392923493,0.3958333333333333,0.9166666666666666
safety,169,26.316726257688828,0.1992118402397387,13.614295847211022,0.0,89.31812500000001,2567.7083333333335,10.881446277589747,0.3333333333333333,0.8958333333333334
safety,170,8.82012147843692,0.0,4.648578864903364,0.0,34.32083333333333,2511.4583333333335,10.752678871575732,0.20833333333333334,0.9166666666666666
safety,171,17.65926692935451,0.0,9.127680673453977,0.0,89.29937500000001,2647.9166666666665,11.01440122894499,0.2916666666666667,0.9166666666666666
safety,172,51.13760925807714,0.0,26.914676351296308,0.0,88.785625,2557.2916666666665,10.88026343600088,0.2916666666666667,0.9166666666666666
safety,173,4.9131301772998555,0.0,2.603958993968929,0.0,91.5625,2417.7083333333335,10.93169499842852,0.3333333333333333,0.9166666666666666
safety,174,28.854146662144665,3.3673734659362484,12.191288868132563,0.0,27.65125,2014.5833333333333,10.856954635879388,0.3958333333333333,0.9375
safety,175,44.05456705276963,1.0022012937140612,22.43642390988959,0.0,29.669583333333335,2134.375,10.807823904478136,0.3958333333333333,0.9375
safety,176,39.735741303040214,4.563560112989647,16.123773882829095,0.0,87.17354166666667,2442.7083333333335,10.414677793659285,0.20833333333333334,0.8958333333333334
safety,177,8.82012147843692,0.0,4.648578864903364,0.0,34.32083333333333,2511.4583333333335,10.760953892021872,0.20833333333333334,0.9166666666666666
safety,178,50.12154370759254,0.0,26.437125542568545,0.0,86.906875,2334.375,10.442751968761291,0.2708333333333333,0.9166666666666666
safety,179,36.379347022864806,4.055340418608215,15.439099396128928,0.0,87.003125,2423.9583333333335,10.889773408747223,0.22916666666666666,0.9166666666666666
safety,180,33.69525784046856,0.0,17.614588363335386,0.0,86.26291666666667,2133.3333333333335,10.92360624289983,0.22916666666666666,0.9166666666666666
safety,181,33.414459501197,4.615833121803446,13.312106033550503,0.0,89.38458333333334,2416.6666666666665,10.564965307261554,0.1875,0.8958333333333334
safety,182,53.488617500250164,0.4466518157056553,27.69668660453046,0.0,84.84604166666666,2117.7083333333335,10.719059036835361,0.375,0.9375
safety,183,12.448293989928061,0.0,6.301591214605939,0.0,89.13749999999999,2323.9583333333335,10.672650463393973,0.3125,0.8958333333333334
safety,184,19.19105909389723,0.0,10.145625608929274,0.0,89.21875,2520.8333333333335,10.899536077452943,0.3333333333333333,0.9166666666666666
safety,185,44.05456705276963,1.0022012937140612,22.43642390988959,0.0,29.669583333333335,2134.375,10.762854489622947,0.3958333333333333,0.9375
safety,186,52.47959628011537,0.0,27.545410251654275,0.0,90.185625,2758.3333333333335,10.801726669292483,0.2916666666666667,0.9375
safety,187,25.34953025242039,1.778730183234706,11.776890925790484,0.0,86.96979166666667,2044.7916666666667,10.78357025945577,0.3333333333333333,0.9166666666666666
safety,188,53.04488990556414,0.0,26.743705988045136,0.0,85.97708333333334,2222.9166666666665,10.939463228283074,0.3541666666666667,0.9375
safety,189,50.05498754200141,2.5581615516932765,23.822402271209597,0.0,84.66354166666666,2196.875,10.68789154696099,0.2916666666666667,0.9166666666666666
safety,190,23.062825997877848,0.0,11.59461303982672,0.0,29.256041666666665,2187.5,10.812254618541795,0.375,0.9166666666666666
safety,191,2.646021443429312,0.0,1.4023913650175384,0.0,90.85374999999999,2375.0,10.9077191243682,0.2708333333333333,0.8958333333333334
safety,192,25.34953025242039,1.778730183234706,11.776890925790484,0.0,86.96979166666667,2044.7916666666667,10.87629679038796,0.3541666666666667,0.9166666666666666
safety,193,38.35131247947369,1.927407177691672,18.525945217385118,0.0,87.78125,2440.625,10.975008493497791,0.4166666666666667,0.9375
safety,194,30.079604492950047,4.069300622433211,12.164116224824777,0.0,86.289375,2361.4583333333335,10.83498421421522,0.3958333333333333,0.9166666666666666
safety,195,37.640057965675304,1.2595440621246499,18.65535061251039,0.0,85.15270833333334,2464.5833333333335,10.779428657606557,0.3125,0.9166666666666666
safety,196,41.780961347868256,0.813940203512043,21.34996401432587,0.0,31.054166666666664,2278.125,10.807786329215988,0.3333333333333333,0.9166666666666666
safety,197,23.67521895516112,0.0,12.439807924170779,0.0,89.08749999999999,2237.5,10.847779920779645,0.3125,0.9166666666666666
safety,198,37.61644177971057,0.0,19.69024779751465,0.0,33.28208333333333,2497.9166666666665,10.981423614640192,0.3125,0.9166666666666666
safety,199,26.923649854145154,0.0,13.595056763080485,0.0,30.920625,2320.8333333333335,11.06551609761742,0.2916666666666667,0.9583333333333334
certified,0,43.34007049984635,0.0,22.266278431186088,0.0,89.98875,2375.0,10.980655565886181,0.3541666666666667,0.9375
certified,1,7.2689199187958735,0.0,3.8525275569618214,0.0,87.631875,1611.4583333333333,11.13522014523594,0.5208333333333334,0.9375
certified,2,60.61322150521238,5.663086225984603,25.780578682495534,0.0,33.765625,2662.5,10.567760982360584,0.25,0.8958333333333334
certified,3,0.0,0.0,0.0,1.0,90.51999999999998,1814.5833333333333,11.100132859430596,0.4166666666666667,0.9166666666666666
certified,4,17.624493735364087,0.16383695424418362,8.853566900038144,0.0,33.55916666666666,2497.9166666666665,10.619141989655583,0.2916666666666667,0.8958333333333334
certified,5,12.375559317682054,0.0,6.559046438371503,0.0,88.24958333333332,1672.9166666666667,11.112103188272746,0.4583333333333333,0.9166666666666666
certified,6,42.24869945557199,0.0,22.3918107114532,0.0,35.38770833333333,2723.9583333333335,11.013298582200987,0.1875,0.9166666666666666
certified,7,19.946696530247753,0.0,10.539562042579275,0.0,90.93208333333332,2198.9583333333335,10.784604678831878,0.3541666666666667,0.9166666666666666
certified,8,4.177014699192664,0.0,2.213817790572117,0.0,86.444375,1653.125,10.93622989168337,0.4375,0.8958333333333334
certified,9,28.66733387653717,0.0,15.193686954564733,0.0,32.68145833333333,2268.75,10.872655490158552,0.3333333333333333,0.8958333333333334
certified,10,41.780961347868256,0.813940203512043,21.34996401432587,0.0,31.41541666666667,2343.75,10.83762244007726,0.3541666666666667,0.9166666666666666
certified,11,10.017926083849014,0.0,5.082764374972875,0.0,87.35416666666667,1777.0833333333333,11.01369163950754,0.4166666666666667,0.9166666666666666
certified,12,14.148575220920076,1.697023789077855,5.891099137508845,0.0,31.035,2312.5,10.7656208538874,0.3125,0.9166666666666666
certified,13,20.733332143834676,0.0,10.612115209041573,0.0,88.51791666666668,2208.3333333333335,10.90494986589333,0.3333333333333333,0.9375
certified,14,16.990879425605495,0.0,9.005166095570932,0.0,32.20791666666666,2231.25,11.01946125210784,0.375,0.9166666666666666
certified,15,25.162695065535402,2.9900431165647072,10.176201914740275,0.0,33.10125,2526.0416666666665,10.599529473020375,0.2708333333333333,0.8958333333333334
certified,16,29.43120220165343,0.0,14.911996783697903,0.0,27.719583333333333,2053.125,10.86263425425908,0.2916666666666667,0.9375
certified,17,9.080072163030287,0.0,4.812438246406063,0.0,90.16979166666665,1773.9583333333333,11.330774776017817,0.5625,0.9375
certified,18,9.256005967153172,0.0,4.905683162591192,0.0,88.21791666666667,1708.3333333333333,11.119777083537377,0.5625,0.9166666666666666
certified,19,0.16127811471126385,0.0,0.08547740079697003,0.0,90.21354166666667,1851.0416666666667,10.99890078453816,0.4166666666666667,0.9375
certified,20,25.041950430796057,0.0,13.246585082596885,0.0,89.4475,1787.5,11.138648094199782,0.5,0.9166666666666666
certified,21,20.013510088131063,0.1733345435279072,9.90783816522148,0.0,91.83083333333333,2322.9166666666665,10.708622773615936,0.3541666666666667,0.9166666666666666
certified,22,5.900113239941339,0.0,3.0795932993880157,0.0,90.24395833333334,1779.1666666666667,10.900513228412288,0.5,0.8958333333333334
certified,23,6.291330789395619,0.0,3.3344053183796856,0.0,89.82416666666667,1897.9166666666667,11.341551247122064,0.5416666666666666,0.9166666666666666
certified,24,42.24869945557199,0.0,22.3918107114532,0.0,35.02645833333333,2658.3333333333335,11.02309091981983,0.1875,0.9166666666666666
certified,25,51.46004999400007,0.7192657328977343,26.302121361217097,0.0,29.141875,2326.0416666666665,10.67191307473417,0.3125,0.9166666666666666
certified,26,16.14269466432217,0.0,8.551389888963465,0.0,29.697083333333335,2175.0,10.887578335484982,0.3541666666666667,0.8958333333333334
certified,27,19.00047381387936,3.476972981052306,6.824271221104,0.0,33.81041666666667,2528.125,10.539226985623902,0.20833333333333334,0.8958333333333334
certified,28,35.83209063050593,1.7923375622006164,17.132578885623747,0.0,33.26416666666666,2556.25,10.639042805523763,0.2916666666666667,0.8958333333333334
certified,29,51.46004999400007,0.7192657328977343,26.302121361217097,0.0,29.141875,2326.0416666666665,10.70221442276682,0.3125,0.9166666666666666
certified,30,8.898178267417013,0.0,4.524349211725519,0.0,82.43229166666667,1409.375,10.853717420256842,0.4375,0.9375
certified,31,5.20989971148745,0.0,2.607002397613911,0.0,88.61333333333333,1681.25,10.982656149147159,0.5416666666666666,0.9375
certified,32,10.014176159464277,0.0,5.286258605418385,0.0,88.18208333333332,1781.25,10.926752433984896,0.4166666666666667,0.9375
certified,33,51.46004999400007,0.7192657328977343,26.302121361217097,0.0,29.855625,2354.1666666666665,10.707720091407927,0.3333333333333333,0.9166666666666666
certified,34,25.881259197120386,0.0,13.012732727251347,0.0,31.405833333333334,2308.3333333333335,10.945063238617228,0.2916666666666667,0.9166666666666666
certified,35,24.137541537738834,3.3679914827768833,9.614677483354372,0.0,89.80479166666665,2548.9583333333335,10.776385666403675,0.2916666666666667,0.9166666666666666
certified,36,10.017926083849014,0.0,5.082764374972875,0.0,87.35416666666667,1777.0833333333333,11.05081640007009,0.4375,0.9166666666666666
certified,37,6.291330789395619,0.0,3.3344053183796856,0.0,89.93145833333334,1911.4583333333333,11.248295020704788,0.5,0.9166666666666666
certified,38,6.291330789395619,0.0,3.3344053183796856,0.0,89.93145833333334,1911.4583333333333,11.215398496148586,0.4791666666666667,0.9166666666666666
certified,39,30.74874380953294,0.0,16.296834219052492,0.0,33.2375,2406.25,10.803042677711032,0.2916666666666667,0.9375
certified,40,14.115177144653114,0.0,7.244905897279085,0.0,84.65791666666667,1606.25,10.87989669728393,0.4791666666666667,0.9166666666666666
certified,41,9.080072163030287,0.0,4.812438246406063,0.0,90.16979166666665,1773.9583333333333,11.283512654350211,0.5625,0.9375
certified,42,11.713111986963689,0.0,6.135715002998474,0.0,89.97291666666668,1816.6666666666667,10.904452834017883,0.4583333333333333,0.8958333333333334
certified,43,16.14269466432217,0.0,8.551389888963465,0.0,29.697083333333335,2175.0,10.81053878633177,0.3541666666666667,0.8958333333333334
certified,44,1.3617381115067477,0.0,0.7196796425007873,0.0,88.01333333333332,1806.25,10.966400603738355,0.4375,0.8958333333333334
certified,45,44.74931628672188,1.5681962357106705,21.69265143008921,0.0,28.364791666666665,2268.75,10.766605737449007,0.3541666666666667,0.9166666666666666
certified,46,19.580107161448126,0.0015397096111235487,9.971861882125935,0.0,88.85041666666666,2107.2916666666665,10.885900366396912,0.375,0.9166666666666666
certified,47,38.20906016652214,0.0,19.85667047782151,0.0,90.56416666666665,2480.2083333333335,10.946688931847158,0.3333333333333333,0.9375
certified,48,26.08992715356951,0.6872975696836292,13.067735879684077,0.0,31.115,2195.8333333333335,10.691379212049336,0.3333333333333333,0.9166666666666666
certified,49,24.533274124295737,0.0,13.002635285876769,0.0,89.49,1706.25,11.334340742424237,0.5833333333333334,0.9375
certified,50,12.100871414009294,0.6197015720512191,5.77277159324098,0.0,84.45270833333332,1555.2083333333333,10.765641893653283,0.4791666666666667,0.9166666666666666
certified,51,26.175672167916577,0.0,13.60568097002274,0.0,88.62291666666665,2072.9166666666665,10.888167213516988,0.375,0.9375
certified,52,28.31380520092831,1.2999337565607514,13.583057345585985,0.0,32.94583333333333,2466.6666666666665,10.783049998883214,0.22916666666666666,0.9166666666666666
certified,53,6.448685453053638,0.0,3.2931085496010897,0.0,83.78291666666667,1481.25,10.796749968821553,0.5,0.9166666666666666
certified,54,6.190763684807653,0.20133092657852308,3.0979963460418065,0.0,89.06374999999998,1806.25,10.888178433535737,0.4791666666666667,0.8958333333333334
certified,55,7.365549873156999,0.0,3.789377645222104,0.0,84.85479166666666,1509.375,11.006564273347658,0.5208333333333334,0.9375
certified,56,41.9323129458497,2.844538673826694,19.53271845220221,0.0,33.396875,2581.25,10.675452325564052,0.14583333333333334,0.9166666666666666
certified,57,19.55605484320576,3.998161873356498,6.630667117816356,0.0,88.35229166666666,1745.8333333333333,10.621774538786973,0.5208333333333334,0.8958333333333334
certified,58,19.845466083184256,0.0,10.385582409016529,0.0,89.32708333333333,1722.9166666666667,10.737627063260133,0.5416666666666666,0.8958333333333334
certified,59,2.868193714710472,0.0,1.5201426687965534,0.0,33.687083333333334,2471.875,10.85825988151909,0.2916666666666667,0.8958333333333334
certified,60,37.27578169222475,0.0,19.1154550029013,0.0,89.72937499999999,2428.125,10.98596565082478,0.3541666666666667,0.9166666666666666
certified,61,7.2689199187958735,0.0,3.8525275569618214,0.0,87.631875,1611.4583333333333,11.21586232602875,0.5833333333333334,0.9375
certified,62,0.1065550141276379,0.0,0.05647415748764821,0.0,89.94687500000002,1776.0416666666667,11.192245853377168,0.5625,0.9166666666666666
certified,63,7.650128974590466,0.0,4.054568356532956,0.0,86.99520833333334,1690.625,11.183965717264444,0.4791666666666667,0.9583333333333334
certified,64,24.533274124295737,0.0,13.002635285876769,0.0,89.49,1706.25,11.318628504381754,0.5208333333333334,0.9375
certified,65,11.769784620115281,0.0,6.237985848661112,0.0,87.53354166666666,1641.6666666666667,11.284853459053593,0.6666666666666666,0.9166666666666666
certified,66,31.336137776965845,0.0,16.11740495063227,0.0,88.675,1795.8333333333333,10.927427345829164,0.4583333333333333,0.8958333333333334
certified,67,58.08977547870903,2.6628054356851547,28.256781313805558,0.0,89.82354166666666,2525.0,10.84177266480395,0.1875,0.9166666666666666
certified,68,24.85070104651694,0.2638295039863492,12.47706033903597,0.0,89.23854166666665,2323.9583333333335,10.848646794162065,0.2708333333333333,0.8958333333333334
certified,69,25.881259197120386,0.0,13.012732727251347,0.0,31.405833333333334,2308.3333333333335,11.084733113988934,0.2916666666666667,0.9166666666666666
certified,70,57.019827537572894,0.6521818944444585,28.297929980991913,0.0,87.69625,2236.4583333333335,10.86817369930109,0.2708333333333333,0.9375
certified,71,30.66276953057686,0.0,16.027951029076668,0.0,30.014999999999997,2172.9166666666665,10.983400772356864,0.3125,0.9375
certified,72,7.8758744892934285,0.0,4.043383925590986,0.0,86.458125,1583.3333333333333,11.061077344740474,0.6458333333333334,0.9375
certified,73,6.291330789395619,0.0,3.3344053183796856,0.0,89.93145833333334,1911.4583333333333,11.344635420754706,0.5208333333333334,0.9166666666666666
certified,74,25.881259197120386,0.0,13.012732727251347,0.0,31.405833333333334,2308.3333333333335,10.985624186167527,0.3125,0.9166666666666666
certified,75,6.023986858750135,0.0,3.1927130351375785,0.0,88.72687499999999,1635.4166666666667,11.29396363524783,0.5416666666666666,0.9375
certified,76,10.028455794406398,0.0,5.315081571035402,0.0,88.56541666666665,1762.5,11.120864397178897,0.4791666666666667,0.9166666666666666
certified,77,41.9323129458497,2.844538673826694,19.53271845220221,0.0,33.035625,2515.625,10.722527612045283,0.14583333333333334,0.9166666666666666
certified,78,21.7233266077927,0.0,11.513363102130155,0.0,88.80250000000001,1722.9166666666667,11.116935612836565,0.4791666666666667,0.9166666666666666
certified,79,30.41902037924983,1.981106844408026,14.058419939531507,0.0,87.9833333333333,2453.125,10.822574762737169,0.2916666666666667,0.9166666666666666
certified,80,12.418354785040883,0.0,6.4647818781669955,0.0,31.459166666666665,2252.0833333333335,10.823648813783684,0.2916666666666667,0.9375
certified,81,2.868193714710472,0.0,1.5201426687965534,0.0,33.687083333333334,2471.875,10.956733303404874,0.2916666666666667,0.8958333333333334
certified,82,25.92512802970754,1.2318019904097053,12.508455506605467,0.0,30.145624999999995,2178.125,10.81521215642703,0.3333333333333333,0.9375
certified,83,45.2971564593022,0.7944316584712334,22.889745871761193,0.0,33.505625,2529.1666666666665,10.81057987803932,0.25,0.8958333333333334
certified,84,25.34953025242039,1.778730183234706,11.776890925790484,0.0,86.96979166666667,2044.7916666666667,10.741359360861209,0.3333333333333333,0.9166666666666666
certified,85,44.74931628672188,1.5681962357106705,21.69265143008921,0.0,28.364791666666665,2268.75,10.794548414004959,0.375,0.9166666666666666
certified,86,51.46004999400007,0.7192657328977343,26.302121361217097,0.0,29.855625,2354.1666666666665,10.57508021256678,0.3125,0.9166666666666666
certified,87,12.100871414009294,0.6197015720512191,5.77277159324098,0.0,84.45270833333332,1555.2083333333333,10.72990625550382,0.4375,0.9166666666666666
certified,88,53.42390299591161,0.03250984920938295,27.866726928446333,0.0,89.78833333333334,2406.25,10.785693209761078,0.3125,0.9166666666666666
certified,89,19.580107161448126,0.0015397096111235487,9.971861882125935,0.0,88.85041666666666,2107.2916666666665,10.882966175195476,0.375,0.9166666666666666
certified,90,0.0,0.0,0.0,1.0,88.39729166666666,1757.2916666666667,11.104441444016132,0.4166666666666667,0.9166666666666666
certified,91,18.691232087888263,0.0,9.879772641338867,0.0,32.50604166666666,2397.9166666666665,10.709461562153997,0.3125,0.9166666666666666
certified,92,10.510538114362811,1.5826179319326439,3.9998985230356605,0.0,89.51375,1901.0416666666667,10.599118800120769,0.5208333333333334,0.8958333333333334
certified,93,13.84584995667948,0.0,7.04938014756925,0.0,86.065625,1509.375,10.889695225024127,0.625,0.9375
certified,94,26.08992715356951,0.6872975696836292,13.067735879684077,0.0,30.92125,2186.4583333333335,10.712081361439106,0.3333333333333333,0.9166666666666666
certified,95,12.537576849653151,0.04439828332964407,6.523315663909835,0.0,89.50124999999998,2333.3333333333335,10.71498301588892,0.25,0.8958333333333334
certified,96,26.923649854145154,0.0,13.595056763080485,0.0,30.920625,2320.8333333333335,11.144304457905028,0.2916666666666667,0.9583333333333334
certified,97,12.537576849653151,0.04439828332964407,6.523315663909835,0.0,89.50124999999998,2333.3333333333335,10.749277063951718,0.25,0.8958333333333334
certified,98,28.854146662144665,3.3673734659362484,12.191288868132563,0.0,27.65125,2014.5833333333333,10.816744012336079,0.3958333333333333,0.9375
certified,99,30.229613812141153,0.0,16.021695320434844,0.0,90.75562500000001,2221.875,10.876594470293888,0.3958333333333333,0.8958333333333334
certified,100,0.0,0.0,0.0,1.0,90.51999999999998,1814.5833333333333,11.094889691973203,0.4375,0.9166666666666666
certified,101,41.74257076695623,0.0,22.12356250648685,0.0,89.93624999999997,2275.0,10.883584378709378,0.2916666666666667,0.9166666666666666
certified,102,10.721038446241696,0.0,5.514789642642209,0.0,87.986875,1805.2083333333333,10.867281630886408,0.3958333333333333,0.9375
certified,103,8.898178267417013,0.0,4.524349211725519,0.0,82.43229166666667,1409.375,10.966079776939305,0.4583333333333333,0.9375
certified,104,14.892988544318548,0.4138572325754841,7.303083103497686,0.0,89.98500000000001,1713.5416666666667,10.645108476296818,0.5416666666666666,0.9166666666666666
certified,105,0.1065550141276379,0.0,0.05647415748764821,0.0,89.94687500000002,1776.0416666666667,11.244937348401473,0.5625,0.9166666666666666
certified,106,7.365549873156999,0.0,3.789377645222104,0.0,84.85479166666666,1509.375,11.129780206623392,0.5208333333333334,0.9375
certified,107,23.330183277029125,2.316464580513639,10.044084901566869,0.0,88.64291666666666,1673.9583333333333,10.737812067538181,0.5625,0.9166666666666666
certified,108,9.127509439163891,0.0,4.837580002756873,0.0,91.67458333333333,1779.1666666666667,10.870155096641303,0.4791666666666667,0.9166666666666666
certified,109,16.990879425605495,0.0,9.005166095570932,0.0,32.42791666666667,2193.75,11.028678120182226,0.3541666666666667,0.9166666666666666
certified,110,23.062825997877848,0.0,11.59461303982672,0.0,29.493958333333335,2196.875,10.767365412423345,0.3541666666666667,0.9166666666666666
certified,111,2.533423503118172,0.0,1.3427144566526341,0.0,84.950625,1431.25,11.032759519100859,0.5833333333333334,0.9166666666666666
certified,112,23.67521895516112,0.0,12.439807924170779,0.0,89.875625,2265.625,10.93982767789995,0.3333333333333333,0.9166666666666666
certified,113,9.13201736042556,0.0,4.839969201025558,0.0,87.49833333333333,1603.125,11.20689196181396,0.6458333333333334,0.9583333333333334
certified,114,12.448293989928061,0.0,6.301591214605939,0.0,89.13749999999999,2323.9583333333335,10.791308909486736,0.3333333333333333,0.8958333333333334
certified,115,57.019827537572894,0.6521818944444585,28.297929980991913,0.0,87.69625,2236.4583333333335,10.817315767361558,0.2916666666666667,0.9375
certified,116,58.08977547870903,2.6628054356851547,28.256781313805558,0.0,89.82354166666666,2525.0,10.785214475557053,0.20833333333333334,0.9166666666666666
certified,117,1.8386717931536722,0.0,0.9744960503714484,0.0,89.555625,1766.6666666666667,11.284488549972792,0.5208333333333334,0.9166666666666666
certified,118,10.441778602980115,0.0,5.308937873825384,0.0,89.77041666666666,1855.2083333333333,10.909783026735886,0.5416666666666666,0.9166666666666666
certified,119,30.28053920073954,0.0,15.82600419005602,0.0,86.12166666666667,1578.125,11.075507159422655,0.6041666666666666,0.9375
certified,120,28.31380520092831,1.2999337565607514,13.583057345585985,0.0,32.94583333333333,2466.6666666666665,10.807372972076365,0.25,0.9166666666666666
certified,121,8.716147796660167,0.0,4.460797045624133,0.0,90.5575,2421.875,10.757173083602416,0.2916666666666667,0.8958333333333334
certified,122,11.769784620115281,0.0,6.237985848661112,0.0,87.53354166666666,1641.6666666666667,11.323782910310102,0.6666666666666666,0.9166666666666666
certified,123,18.4624508600739,0.0,9.567949537990561,0.0,88.78000000000002,1789.5833333333333,10.933966270395933,0.3958333333333333,0.8958333333333334
certified,124,7.125021014396964,0.0,3.776261137630399,0.0,91.27041666666666,1843.75,11.366428138992989,0.5,0.9166666666666666
certified,125,26.923649854145154,0.0,13.595056763080485,0.0,30.920625,2320.8333333333335,11.032128189060023,0.2916666666666667,0.9583333333333334
certified,126,57.019827537572894,0.6521818944444585,28.297929980991913,0.0,87.69625,2236.4583333333335,10.833621421436073,0.2916666666666667,0.9375
certified,127,33.39168143466024,0.7331463207994957,16.97587886450927,0.0,87.875,2190.625,10.729911515324565,0.2708333333333333,0.9166666666666666
certified,128,12.418354785040883,0.0,6.4647818781669955,0.0,31.65291666666667,2261.4583333333335,10.746062007986465,0.2708333333333333,0.9375
certified,129,7.632658429119044,0.0,3.9629772114490227,0.0,86.066875,1573.9583333333333,11.054994294303574,0.6458333333333334,0.9166666666666666
certified,130,29.43120220165343,0.0,14.911996783697903,0.0,27.719583333333333,2053.125,10.85349466704721,0.2916666666666667,0.9375
certified,131,1.4309347752999244,0.0,0.7583954309089616,0.0,88.53833333333334,1791.6666666666667,11.106071251201406,0.4375,0.9166666666666666
certified,132,14.892988544318548,0.4138572325754841,7.303083103497686,0.0,89.98500000000001,1713.5416666666667,10.65478166487432,0.5416666666666666,0.9166666666666666
certified,133,9.127509439163891,0.0,4.837580002756873,0.0,90.89208333333333,1760.4166666666667,10.914242108300108,0.5833333333333334,0.9166666666666666
certified,134,27.45724188154843,2.479329505340473,12.14216622372698,0.0,31.855,2282.2916666666665,10.908884089823802,0.22916666666666666,0.9375
certified,135,30.28053920073954,0.0,15.82600419005602,0.0,86.12166666666667,1578.125,11.053828576503241,0.6041666666666666,0.9375
certified,136,7.650128974590466,0.0,4.054568356532956,0.0,86.99520833333334,1690.625,11.083344517383571,0.4791666666666667,0.9583333333333334
certified,137,12.509265636191762,0.0,6.401238550717343,0.0,88.34125,1671.875,11.258725824352856,0.6666666666666666,0.9375
certified,138,10.721038446241696,0.0,5.514789642642209,0.0,87.986875,1805.2083333333333,10.94971520443884,0.4375,0.9375
certified,139,0.0,0.0,0.0,1.0,88.39729166666666,1757.2916666666667,11.108047027069246,0.4375,0.9166666666666666
certified,140,3.0661718925515995,0.0,1.560776756057261,0.0,88.15083333333332,1831.25,10.950391536583686,0.4583333333333333,0.8958333333333334
certified,141,16.14269466432217,0.0,8.551389888963465,0.0,30.058333333333334,2240.625,10.817796933051975,0.375,0.8958333333333334
certified,142,30.229613812141153,0.0,16.021695320434844,0.0,91.24062499999998,2250.0,10.80259303095906,0.375,0.8958333333333334
certified,143,14.115177144653114,0.0,7.244905897279085,0.0,84.65791666666667,1606.25,10.808911651118757,0.4166666666666667,0.9166666666666666
certified,144,18.094732127375643,0.0,9.548978629136279,0.0,84.83979166666667,1461.4583333333333,10.977582441041777,0.5625,0.9375
certified,145,18.611846628092245,0.0,9.833843653762191,0.0,91.46,2231.25,10.8910782963188,0.375,0.9166666666666666
certified,146,48.50891351240398,0.6856225145912979,24.490215895138025,0.0,90.65749999999998,2451.0416666666665,10.630641803629555,0.2916666666666667,0.8958333333333334
certified,147,2.110503707142348,0.0,1.1185669647854466,0.0,85.22979166666666,1642.7083333333333,11.036719608716274,0.5208333333333334,0.9375
certified,148,30.41902037924983,1.981106844408026,14.058419939531507,0.0,87.9833333333333,2453.125,10.757051777607629,0.2708333333333333,0.9166666666666666
certified,149,9.256005967153172,0.0,4.905683162591192,0.0,88.21791666666667,1708.3333333333333,11.157503237729758,0.5625,0.9166666666666666
certified,150,2.6969701236934096,0.0,1.3685885218576308,0.0,87.66395833333335,1733.3333333333333,11.034860415109435,0.5625,0.8958333333333334
certified,151,19.351163326441153,0.0,10.106513543968738,0.0,27.456249999999997,1917.7083333333333,10.867772970667774,0.3541666666666667,0.9375
certified,152,18.214745477770506,0.4350365285818263,9.214452084038662,0.0,85.47645833333333,1495.8333333333333,10.894032577940619,0.5208333333333334,0.9375
certified,153,12.448293989928061,0.0,6.301591214605939,0.0,89.13749999999999,2323.9583333333335,10.786730472141874,0.3333333333333333,0.8958333333333334
certified,154,6.826937175023385,0.0,3.618276702762402,0.0,91.46145833333333,2417.7083333333335,10.847666045653405,0.3125,0.8958333333333334
certified,155,37.349212223572934,0.0,19.783793366835745,0.0,88.77333333333333,1868.75,11.116022151731704,0.5208333333333334,0.8958333333333334
certified,156,14.115177144653114,0.0,7.244905897279085,0.0,84.65791666666667,1606.25,10.764665954085308,0.4583333333333333,0.9166666666666666
certified,157,36.01267446796024,3.0714221379969286,16.046052988000337,0.0,88.22020833333333,1805.2083333333333,11.011899866106672,0.4375,0.9166666666666666
certified,158,18.691232087888263,0.0,9.879772641338867,0.0,32.50604166666666,2397.9166666666665,10.792844539433284,0.3333333333333333,0.9166666666666666
certified,159,10.014176159464277,0.0,5.286258605418385,0.0,88.18208333333332,1781.25,10.995550522117066,0.4375,0.9375
certified,160,11.94623469133208,0.0,6.097718977830324,0.0,85.97145833333333,1632.2916666666667,10.957354649218475,0.5625,0.9375
certified,161,36.01267446796024,3.0714221379969286,16.046052988000337,0.0,88.22020833333333,1805.2083333333333,10.988855903582106,0.4375,0.9166666666666666
certified,162,31.336137776965845,0.0,16.11740495063227,0.0,88.675,1795.8333333333333,10.836635999442615,0.5,0.8958333333333334
certified,163,30.66276953057686,0.0,16.027951029076668,0.0,30.014999999999997,2172.9166666666665,10.987023785278069,0.3333333333333333,0.9375
certified,164,41.932405561541934,0.0,22.22417494761727,0.0,86.63791666666668,1531.25,11.284455326067492,0.6458333333333334,0.9375
certified,165,44.05456705276963,1.0022012937140612,22.43642390988959,0.0,29.43166666666667,2125.0,10.846570188921325,0.4166666666666667,0.9375
certified,166,30.41902037924983,1.981106844408026,14.058419939531507,0.0,87.9833333333333,2453.125,10.77841628791792,0.2916666666666667,0.9166666666666666
certified,167,2.2212583601759555,0.0,1.1772669308932588,0.0,85.90062499999999,1565.625,10.879756551529907,0.4583333333333333,0.9375
certified,168,17.543211042159054,0.0,9.297901852344319,0.0,88.91604166666666,1721.875,11.201609952032706,0.5416666666666666,0.9166666666666666
certified,169,7.858776340128779,0.1992118402397387,3.8315823909041744,0.0,89.16020833333334,1793.75,11.065614760887863,0.5833333333333334,0.8958333333333334
certified,170,8.82012147843692,0.0,4.648578864903364,0.0,34.32083333333333,2511.4583333333335,10.752678871575732,0.20833333333333334,0.9166666666666666
certified,171,0.1065550141276379,0.0,0.05647415748764821,0.0,89.94687500000002,1776.0416666666667,11.252826756981607,0.5625,0.9166666666666666
certified,172,21.7233266077927,0.0,11.513363102130155,0.0,88.80250000000001,1722.9166666666667,11.14782345466966,0.5208333333333334,0.9166666666666666
certified,173,4.9131301772998555,0.0,2.603958993968929,0.0,91.5625,2417.7083333333335,10.93169499842852,0.3333333333333333,0.9166666666666666
certified,174,28.854146662144665,3.3673734659362484,12.191288868132563,0.0,27.65125,2014.5833333333333,10.856954635879388,0.3958333333333333,0.9375
certified,175,44.05456705276963,1.0022012937140612,22.43642390988959,0.0,29.669583333333335,2134.375,10.807823904478136,0.3958333333333333,0.9375
certified,176,13.727997231737913,0.08522679660257415,7.028620599904846,0.0,87.57979166666667,1748.9583333333333,10.827107516660758,0.4375,0.8958333333333334
certified,177,8.82012147843692,0.0,4.648578864903364,0.0,34.32083333333333,2511.4583333333335,10.760953892021872,0.20833333333333334,0.9166666666666666
certified,178,20.946056178058967,0.0,10.97411715191572,0.0,87.640625,1719.7916666666667,10.950195839383282,0.4166666666666667,0.9166666666666666
certified,179,10.017926083849014,0.0,5.082764374972875,0.0,87.35416666666667,1777.0833333333333,11.001071863481243,0.4166666666666667,0.9166666666666666
certified,180,11.83935753021116,0.0,6.030961198898937,0.0,86.25854166666666,1673.9583333333333,10.960079106788065,0.375,0.9166666666666666
certified,181,11.713111986963689,0.0,6.135715002998474,0.0,89.84395833333333,1807.2916666666667,10.95456206386354,0.375,0.8958333333333334
certified,182,18.094732127375643,0.0,9.548978629136279,0.0,84.83979166666667,1461.4583333333333,10.97626714429891,0.5416666666666666,0.9375
certified,183,12.448293989928061,0.0,6.301591214605939,0.0,89.13749999999999,2323.9583333333335,10.672650463393973,0.3125,0.8958333333333334
certified,184,19.19105909389723,0.0,10.145625608929274,0.0,89.21875,2520.8333333333335,10.899536077452943,0.3333333333333333,0.9166666666666666
certified,185,44.05456705276963,1.0022012937140612,22.43642390988959,0.0,29.669583333333335,2134.375,10.762854489622947,0.3958333333333333,0.9375
certified,186,28.105767572315614,0.0,14.896056813327307,0.0,91.14187499999998,1869.7916666666667,11.309734461377923,0.5625,0.9375
certified,187,25.34953025242039,1.778730183234706,11.776890925790484,0.0,86.96979166666667,2044.7916666666667,10.78357025945577,0.3333333333333333,0.9166666666666666
certified,188,11.94623469133208,0.0,6.097718977830324,0.0,85.97145833333333,1632.2916666666667,10.982008670808918,0.5,0.9375
certified,189,14.115177144653114,0.0,7.244905897279085,0.0,84.65791666666667,1606.25,10.784391445074837,0.4166666666666667,0.9166666666666666
certified,190,23.062825997877848,0.0,11.59461303982672,0.0,29.256041666666665,2187.5,10.812254618541795,0.375,0.9166666666666666
certified,191,2.646021443429312,0.0,1.4023913650175384,0.0,90.85374999999999,2375.0,10.9077191243682,0.2708333333333333,0.8958333333333334
certified,192,25.34953025242039,1.778730183234706,11.776890925790484,0.0,86.96979166666667,2044.7916666666667,10.87629679038796,0.3541666666666667,0.9166666666666666
certified,193,12.509265636191762,0.0,6.401238550717343,0.0,88.34125,1671.875,11.220148014489391,0.6666666666666666,0.9375
certified,194,7.632658429119044,0.0,3.9629772114490227,0.0,86.066875,1573.9583333333333,11.004640264247811,0.6458333333333334,0.9166666666666666
certified,195,10.346354264407124,0.0,5.3673021544012,0.0,85.67562499999998,1564.5833333333333,11.007554916855645,0.5625,0.9166666666666666
certified,196,41.780961347868256,0.813940203512043,21.34996401432587,0.0,31.054166666666664,2278.125,10.807786329215988,0.3333333333333333,0.9166666666666666
certified,197,23.67521895516112,0.0,12.439807924170779,0.0,89.08749999999999,2237.5,10.847779920779645,0.3125,0.9166666666666666
certified,198,37.61644177971057,0.0,19.69024779751465,0.0,33.28208333333333,2497.9166666666665,10.981423614640192,0.3125,0.9166666666666666
certified,199,26.923649854145154,0.0,13.595056763080485,0.0,30.920625,2320.8333333333335,11.06551609761742,0.2916666666666667,0.9583333333333334
