Method,Video,Episode,Seen,VMAF,Rebuffer,QoE,Switch,Max_Stall_s,Any_Stall
Proposed,bigbuckbunny,0,1,81.28854166666669,0.2968375965451478,3706.2271814633327,13,0.57,1
Proposed,bigbuckbunny,1,1,75.34854166666666,0.24467119478933466,3354.6631306004474,14,0.47,1
Proposed,bigbuckbunny,2,1,81.28854166666669,0.2594620371047141,3713.403288875896,13,0.498,1
Proposed,bigbuckbunny,3,1,82.52791666666671,0.38734283935993885,3790.500174842894,13,0.744,1
Proposed,bigbuckbunny,4,1,81.7016666666667,0.2219703089763878,3727.2117006765347,15,0.426,1
Proposed,bigbuckbunny,5,1,77.52208333333336,0.016479779986231187,3510.6658822426443,16,0.032,1
Proposed,bigbuckbunny,6,1,75.34854166666666,1.0352868543109452,3202.8649239722986,14,1.988,1
Proposed,bigbuckbunny,7,1,77.46625,0.0,3476.85,19,0.0,0
Proposed,bigbuckbunny,8,1,81.7016666666667,0.0,3769.8300000000013,15,0.0,0
Proposed,bigbuckbunny,9,1,79.28249999999998,0.2752136987169271,3587.6489698463492,16,0.528,1
Proposed,bigbuckbunny,10,1,76.23062500000002,0.5389368028593554,3357.654133851004,13,1.035,1
Proposed,bigbuckbunny,11,1,82.74750000000003,0.22972016733635706,3810.2237278714206,13,0.441,1
Proposed,bigbuckbunny,12,1,85.74729166666673,0.0,4092.1100000000024,2,0.0,0
Proposed,bigbuckbunny,13,1,74.13895833333333,0.5662731310373449,3316.67555884083,9,1.087,1
Proposed,bigbuckbunny,14,1,85.85520833333335,0.0,4029.940000000001,9,0.0,0
Proposed,bigbuckbunny,15,1,77.46625,0.0,3476.85,19,0.0,0
Proposed,bigbuckbunny,16,1,85.25229166666672,0.0,4068.350000000002,2,0.0,0
Proposed,bigbuckbunny,17,1,76.23062500000002,0.5997554472734699,3345.976954123494,13,1.152,1
Proposed,bigbuckbunny,18,1,74.13895833333333,0.7458145836985984,3282.203599929869,9,1.432,1
Proposed,bigbuckbunny,19,1,86.59958333333338,0.0,4133.020000000002,2,0.0,0
Proposed_Shielded,bigbuckbunny,0,1,80.32458333333335,0.2968375965451478,3741.7771814633325,7,0.57,1
Proposed_Shielded,bigbuckbunny,1,1,73.36854166666666,0.24467119478933466,3371.813130600447,6,0.47,1
Proposed_Shielded,bigbuckbunny,2,1,80.32458333333335,0.2594620371047141,3748.953288875896,7,0.498,1
Proposed_Shielded,bigbuckbunny,3,1,80.73770833333337,0.38734283935993885,3757.450174842894,5,0.744,1
Proposed_Shielded,bigbuckbunny,4,1,81.3704166666667,0.2219703089763878,3772.051700676535,9,0.426,1
Proposed_Shielded,bigbuckbunny,5,1,77.98729166666668,0.016479779986231187,3589.805882242644,10,0.032,1
Proposed_Shielded,bigbuckbunny,6,1,73.36854166666666,1.0352868543109452,3220.014923972298,6,1.988,1
Proposed_Shielded,bigbuckbunny,7,1,77.65604166666668,0.0,3676.040000000001,3,0.0,0
Proposed_Shielded,bigbuckbunny,8,1,81.3704166666667,0.0,3814.6700000000014,9,0.0,0
Proposed_Shielded,bigbuckbunny,9,1,77.74166666666666,0.2752136987169271,3526.90896984635,14,0.528,1
Proposed_Shielded,bigbuckbunny,10,1,74.79770833333333,0.5389368028593554,3383.9141338510035,6,1.035,1
Proposed_Shielded,bigbuckbunny,11,1,82.41625000000003,0.22972016733635706,3841.843727871421,9,0.441,1
Proposed_Shielded,bigbuckbunny,12,1,85.19645833333338,0.0,4012.7900000000022,10,0.0,0
Proposed_Shielded,bigbuckbunny,13,1,74.083125,0.5662731310373449,3292.91555884083,9,1.087,1
Proposed_Shielded,bigbuckbunny,14,1,86.25895833333335,0.0,4086.5400000000013,7,0.0,0
Proposed_Shielded,bigbuckbunny,15,1,77.65604166666668,0.0,3676.040000000001,3,0.0,0
Proposed_Shielded,bigbuckbunny,16,1,85.60958333333338,0.0,4085.500000000002,2,0.0,0
Proposed_Shielded,bigbuckbunny,17,1,74.79770833333333,0.5997554472734699,3372.2369541234934,6,1.152,1
Proposed_Shielded,bigbuckbunny,18,1,74.083125,0.7458145836985984,3258.443599929869,9,1.432,1
Proposed_Shielded,bigbuckbunny,19,1,86.46187500000003,0.0,4113.190000000002,4,0.0,0
Proposed_ShieldedQoE,bigbuckbunny,0,1,81.45229166666668,0.2968375965451478,3608.3271814633326,32,0.57,1
Proposed_ShieldedQoE,bigbuckbunny,1,1,74.93541666666665,0.24467119478933466,3210.853130600447,26,0.47,1
Proposed_ShieldedQoE,bigbuckbunny,2,1,81.03916666666667,0.2594620371047141,3566.7332888758956,28,0.498,1
Proposed_ShieldedQoE,bigbuckbunny,3,1,80.62604166666668,0.38734283935993885,3562.0101748428924,21,0.744,1
Proposed_ShieldedQoE,bigbuckbunny,4,1,81.39645833333334,0.2219703089763878,3556.781700676534,30,0.426,1
Proposed_ShieldedQoE,bigbuckbunny,5,1,78.62000000000002,0.016479779986231187,3386.505882242644,33,0.032,1
Proposed_ShieldedQoE,bigbuckbunny,6,1,74.93541666666665,1.0352868543109452,3059.054923972298,26,1.988,1
Proposed_ShieldedQoE,bigbuckbunny,7,1,78.20687500000001,0.0,3375.2000000000003,28,0.0,0
Proposed_ShieldedQoE,bigbuckbunny,8,1,81.53416666666668,0.0,3627.0900000000006,30,0.0,0
Proposed_ShieldedQoE,bigbuckbunny,9,1,80.56958333333333,0.2752136987169271,3389.7389698463494,35,0.528,1
Proposed_ShieldedQoE,bigbuckbunny,10,1,76.22687499999999,0.5389368028593554,3092.3641338510033,30,1.035,1
Proposed_ShieldedQoE,bigbuckbunny,11,1,82.11104166666668,0.22972016733635706,3623.8937278714197,26,0.441,1
Proposed_ShieldedQoE,bigbuckbunny,12,1,85.68270833333337,0.0,3788.290000000001,42,0.0,0
Proposed_ShieldedQoE,bigbuckbunny,13,1,75.155,0.5662731310373449,3172.86555884083,25,1.087,1
Proposed_ShieldedQoE,bigbuckbunny,14,1,86.53500000000001,0.0,3949.4300000000003,27,0.0,0
Proposed_ShieldedQoE,bigbuckbunny,15,1,78.20687500000001,0.0,3443.8,25,0.0,0
Proposed_ShieldedQoE,bigbuckbunny,16,1,85.85083333333337,0.0,3859.540000000002,37,0.0,0
Proposed_ShieldedQoE,bigbuckbunny,17,1,76.22687499999999,0.5997554472734699,3080.6869541234933,30,1.152,1
Proposed_ShieldedQoE,bigbuckbunny,18,1,75.155,0.7458145836985984,3138.393599929869,25,1.432,1
Proposed_ShieldedQoE,bigbuckbunny,19,1,86.72854166666671,0.0,3891.3700000000017,41,0.0,0
Proposed_ShieldedRiskGate,bigbuckbunny,0,1,80.32458333333335,0.2968375965451478,3741.7771814633325,7,0.57,1
Proposed_ShieldedRiskGate,bigbuckbunny,1,1,73.36854166666666,0.24467119478933466,3371.813130600447,6,0.47,1
Proposed_ShieldedRiskGate,bigbuckbunny,2,1,80.32458333333335,0.2594620371047141,3748.953288875896,7,0.498,1
Proposed_ShieldedRiskGate,bigbuckbunny,3,1,80.73770833333337,0.38734283935993885,3757.450174842894,5,0.744,1
Proposed_ShieldedRiskGate,bigbuckbunny,4,1,81.3704166666667,0.2219703089763878,3772.051700676535,9,0.426,1
Proposed_ShieldedRiskGate,bigbuckbunny,5,1,77.98729166666668,0.016479779986231187,3589.805882242644,10,0.032,1
Proposed_ShieldedRiskGate,bigbuckbunny,6,1,73.36854166666666,1.0352868543109452,3220.014923972298,6,1.988,1
Proposed_ShieldedRiskGate,bigbuckbunny,7,1,77.65604166666668,0.0,3676.040000000001,3,0.0,0
Proposed_ShieldedRiskGate,bigbuckbunny,8,1,81.3704166666667,0.0,3814.6700000000014,9,0.0,0
Proposed_ShieldedRiskGate,bigbuckbunny,9,1,77.74166666666666,0.2752136987169271,3526.90896984635,14,0.528,1
Proposed_ShieldedRiskGate,bigbuckbunny,10,1,74.79770833333333,0.5389368028593554,3383.9141338510035,6,1.035,1
Proposed_ShieldedRiskGate,bigbuckbunny,11,1,82.41625000000003,0.22972016733635706,3841.843727871421,9,0.441,1
Proposed_ShieldedRiskGate,bigbuckbunny,12,1,85.19645833333338,0.0,4012.7900000000022,10,0.0,0
Proposed_ShieldedRiskGate,bigbuckbunny,13,1,74.083125,0.5662731310373449,3292.91555884083,9,1.087,1
Proposed_ShieldedRiskGate,bigbuckbunny,14,1,86.25895833333335,0.0,4086.5400000000013,7,0.0,0
Proposed_ShieldedRiskGate,bigbuckbunny,15,1,77.65604166666668,0.0,3676.040000000001,3,0.0,0
Proposed_ShieldedRiskGate,bigbuckbunny,16,1,85.60958333333338,0.0,4085.500000000002,2,0.0,0
Proposed_ShieldedRiskGate,bigbuckbunny,17,1,74.79770833333333,0.5997554472734699,3372.2369541234934,6,1.152,1
Proposed_ShieldedRiskGate,bigbuckbunny,18,1,74.083125,0.7458145836985984,3258.443599929869,9,1.432,1
Proposed_ShieldedRiskGate,bigbuckbunny,19,1,86.46187500000003,0.0,4113.190000000002,4,0.0,0
Ablation_Base,bigbuckbunny,0,1,81.09500000000001,0.2968375965451478,3757.677181463332,6,0.57,1
Ablation_Base,bigbuckbunny,1,1,75.15499999999999,0.24467119478933466,3457.563130600447,6,0.47,1
Ablation_Base,bigbuckbunny,2,1,81.09500000000001,0.2594620371047141,3764.8532888758955,6,0.498,1
Ablation_Base,bigbuckbunny,3,1,82.2785416666667,0.38734283935993885,3831.410174842893,5,0.744,1
Ablation_Base,bigbuckbunny,4,1,82.30458333333335,0.2219703089763878,3851.1917006765348,7,0.426,1
Ablation_Base,bigbuckbunny,5,1,78.06916666666667,0.016479779986231187,3610.885882242644,9,0.032,1
Ablation_Base,bigbuckbunny,6,1,75.15499999999999,1.0352868543109452,3305.764923972298,6,1.988,1
Ablation_Base,bigbuckbunny,7,1,78.56416666666668,0.0,3693.1900000000005,7,0.0,0
Ablation_Base,bigbuckbunny,8,1,82.44229166666669,0.0,3900.4200000000014,7,0.0,0
Ablation_Base,bigbuckbunny,9,1,79.66583333333334,0.2752136987169271,3632.48896984635,12,0.528,1
Ablation_Base,bigbuckbunny,10,1,77.135,0.5389368028593554,3414.2841338510034,12,1.035,1
Ablation_Base,bigbuckbunny,11,1,82.91125000000002,0.22972016733635706,3844.5237278714203,9,0.441,1
Ablation_Base,bigbuckbunny,12,1,86.54375000000005,0.0,4130.340000000002,2,0.0,0
Ablation_Base,bigbuckbunny,13,1,74.71583333333334,0.5662731310373449,3327.21555884083,10,1.087,1
Ablation_Base,bigbuckbunny,14,1,84.94708333333335,0.0,3999.570000000001,7,0.0,0
Ablation_Base,bigbuckbunny,15,1,78.56416666666668,0.0,3693.1900000000005,7,0.0,0
Ablation_Base,bigbuckbunny,16,1,85.69145833333339,0.0,4055.1300000000024,4,0.0,0
Ablation_Base,bigbuckbunny,17,1,77.135,0.5997554472734699,3402.606954123494,12,1.152,1
Ablation_Base,bigbuckbunny,18,1,74.71583333333334,0.7458145836985984,3292.743599929869,10,1.432,1
Ablation_Base,bigbuckbunny,19,1,86.81916666666672,0.0,4143.560000000002,2,0.0,0
Ablation_Future,bigbuckbunny,0,1,82.36645833333334,0.2968375965451478,3699.377181463332,17,0.57,1
Ablation_Future,bigbuckbunny,1,1,77.13499999999999,0.24467119478933466,3371.813130600447,18,0.47,1
Ablation_Future,bigbuckbunny,2,1,82.69333333333333,0.2594620371047141,3742.553288875895,18,0.498,1
Ablation_Future,bigbuckbunny,3,1,84.51458333333333,0.38734283935993885,3770.700174842892,27,0.744,1
Ablation_Future,bigbuckbunny,4,1,83.60645833333332,0.2219703089763878,3740.221700676533,22,0.426,1
Ablation_Future,bigbuckbunny,5,1,79.11,0.016479779986231187,3553.0658822426435,20,0.032,1
Ablation_Future,bigbuckbunny,6,1,77.13499999999999,1.0352868543109452,3220.014923972298,18,1.988,1
Ablation_Future,bigbuckbunny,7,1,80.29416666666667,0.0,3589.07,22,0.0,0
Ablation_Future,bigbuckbunny,8,1,83.85645833333332,0.0,3818.8399999999997,23,0.0,0
Ablation_Future,bigbuckbunny,9,1,82.12145833333332,0.2752136987169271,3651.3389698463493,21,0.528,1
Ablation_Future,bigbuckbunny,10,1,77.90041666666666,0.5389368028593554,3328.5341338510034,21,1.035,1
Ablation_Future,bigbuckbunny,11,1,85.68374999999999,0.22972016733635706,3899.663727871419,20,0.441,1
Ablation_Future,bigbuckbunny,12,1,91.81437499999991,0.0,4289.4599999999955,14,0.0,0
Ablation_Future,bigbuckbunny,13,1,77.43583333333333,0.5662731310373449,3382.80555884083,17,1.087,1
Ablation_Future,bigbuckbunny,14,1,90.15979166666664,0.0,4179.799999999998,21,0.0,0
Ablation_Future,bigbuckbunny,15,1,80.31958333333334,0.0,3614.29,21,0.0,0
Ablation_Future,bigbuckbunny,16,1,92.17291666666661,0.0,4355.669999999997,14,0.0,0
Ablation_Future,bigbuckbunny,17,1,77.90041666666666,0.5997554472734699,3316.856954123494,21,1.152,1
Ablation_Future,bigbuckbunny,18,1,77.43583333333333,0.7458145836985984,3348.3335999298693,17,1.432,1
Ablation_Future,bigbuckbunny,19,1,92.70437499999993,0.0,4377.359999999997,13,0.0,0
Ablation_Lyap,bigbuckbunny,0,1,80.95729166666668,0.2968375965451478,3751.067181463332,6,0.57,1
Ablation_Lyap,bigbuckbunny,1,1,75.51229166666667,0.24467119478933466,3474.7131306004476,6,0.47,1
Ablation_Lyap,bigbuckbunny,2,1,80.95729166666668,0.2594620371047141,3758.2432888758954,6,0.498,1
Ablation_Lyap,bigbuckbunny,3,1,81.86541666666669,0.38734283935993885,3811.580174842893,5,0.744,1
Ablation_Lyap,bigbuckbunny,4,1,81.94729166666669,0.2219703089763878,3834.0417006765347,7,0.426,1
Ablation_Lyap,bigbuckbunny,5,1,78.06916666666667,0.016479779986231187,3610.885882242644,9,0.032,1
Ablation_Lyap,bigbuckbunny,6,1,75.51229166666667,1.0352868543109452,3322.9149239722988,6,1.988,1
Ablation_Lyap,bigbuckbunny,7,1,79.55416666666667,0.0,3740.7100000000005,7,0.0,0
Ablation_Lyap,bigbuckbunny,8,1,82.16687500000002,0.0,3887.200000000001,7,0.0,0
Ablation_Lyap,bigbuckbunny,9,1,79.66583333333334,0.2752136987169271,3632.48896984635,12,0.528,1
Ablation_Lyap,bigbuckbunny,10,1,76.99729166666667,0.5389368028593554,3390.524133851004,13,1.035,1
Ablation_Lyap,bigbuckbunny,11,1,82.91125000000002,0.22972016733635706,3844.5237278714203,9,0.441,1
Ablation_Lyap,bigbuckbunny,12,1,86.6460416666667,0.0,4085.500000000002,7,0.0,0
Ablation_Lyap,bigbuckbunny,13,1,75.56812500000001,0.5662731310373449,3419.57555884083,7,1.087,1
Ablation_Lyap,bigbuckbunny,14,1,86.25062500000001,0.0,4051.8400000000006,8,0.0,0
Ablation_Lyap,bigbuckbunny,15,1,79.41645833333335,0.0,3734.100000000001,7,0.0,0
Ablation_Lyap,bigbuckbunny,16,1,86.84125000000002,0.0,4089.720000000001,8,0.0,0
Ablation_Lyap,bigbuckbunny,17,1,76.99729166666667,0.5997554472734699,3378.8469541234945,13,1.152,1
Ablation_Lyap,bigbuckbunny,18,1,75.56812500000001,0.7458145836985984,3385.1035999298692,7,1.432,1
Ablation_Lyap,bigbuckbunny,19,1,87.4325,0.0,4162.7,4,0.0,0
Pensieve,bigbuckbunny,0,1,81.45229166666668,0.2968375965451478,3761.607181463332,8,0.57,1
Pensieve,bigbuckbunny,1,1,75.15499999999999,0.24467119478933466,3388.963130600447,10,0.47,1
Pensieve,bigbuckbunny,2,1,81.45229166666668,0.2594620371047141,3768.7832888758953,8,0.498,1
Pensieve,bigbuckbunny,3,1,82.2785416666667,0.38734283935993885,3831.410174842893,5,0.744,1
Pensieve,bigbuckbunny,4,1,82.58000000000003,0.2219703089763878,3877.6317006765344,5,0.426,1
Pensieve,bigbuckbunny,5,1,78.56416666666668,0.016479779986231187,3634.6458822426443,9,0.032,1
Pensieve,bigbuckbunny,6,1,75.15499999999999,1.0352868543109452,3237.1649239722983,10,1.988,1
Pensieve,bigbuckbunny,7,1,79.14104166666668,0.0,3720.8800000000006,7,0.0,0
Pensieve,bigbuckbunny,8,1,82.58000000000003,0.0,3920.250000000001,5,0.0,0
Pensieve,bigbuckbunny,9,1,79.94125,0.2752136987169271,3607.4789698463496,14,0.528,1
Pensieve,bigbuckbunny,10,1,77.63000000000001,0.5389368028593554,3386.594133851004,15,1.035,1
Pensieve,bigbuckbunny,11,1,82.91125000000002,0.22972016733635706,3844.5237278714203,9,0.441,1
Pensieve,bigbuckbunny,12,1,86.54375000000005,0.0,4130.340000000002,2,0.0,0
Pensieve,bigbuckbunny,13,1,75.65,0.5662731310373449,3354.90555884083,11,1.087,1
Pensieve,bigbuckbunny,14,1,84.94708333333335,0.0,3999.570000000001,7,0.0,0
Pensieve,bigbuckbunny,15,1,79.77375,0.0,3716.9500000000003,9,0.0,0
Pensieve,bigbuckbunny,16,1,85.91104166666672,0.0,4065.6700000000023,4,0.0,0
Pensieve,bigbuckbunny,17,1,77.63000000000001,0.5997554472734699,3374.916954123494,15,1.152,1
Pensieve,bigbuckbunny,18,1,75.65,0.7458145836985984,3320.433599929869,11,1.432,1
Pensieve,bigbuckbunny,19,1,86.81916666666672,0.0,4143.560000000002,2,0.0,0
RobustMPC,bigbuckbunny,0,1,85.78500000000001,7.411878656919933,2528.759297871373,16,5.058,1
RobustMPC,bigbuckbunny,1,1,78.48229166666667,5.16941504933775,2563.462310527152,16,5.489,1
RobustMPC,bigbuckbunny,2,1,85.78500000000001,7.3745030974795,2535.9354052839362,16,5.058,1
RobustMPC,bigbuckbunny,3,1,85.544375,4.080200322538862,3173.8015380725387,13,5.07,1
RobustMPC,bigbuckbunny,4,1,85.68770833333336,0.7001949141850176,3846.552576476478,11,0.918,1
RobustMPC,bigbuckbunny,5,1,81.69729166666667,8.51443222007051,2073.099013746462,20,5.81,1
RobustMPC,bigbuckbunny,6,1,78.125,3.346024509788766,2879.253294120557,17,3.293,1
RobustMPC,bigbuckbunny,7,1,82.98812500000003,12.384516198238797,1385.3928899381522,19,6.809,1
RobustMPC,bigbuckbunny,8,1,86.04500000000003,1.8027363655375919,3669.1646178167844,11,2.543,1
RobustMPC,bigbuckbunny,9,1,83.968125,11.931268438612648,1499.0964597863715,21,13.908,1
RobustMPC,bigbuckbunny,10,1,80.48770833333334,7.9521965449745355,2119.0582633648896,17,3.349,1
RobustMPC,bigbuckbunny,11,1,87.04541666666667,1.5853157835591287,3721.1793695566475,15,0.894,1
RobustMPC,bigbuckbunny,12,1,93.37979166666662,4.437714330430243,3486.5888485573914,24,7.43,1
RobustMPC,bigbuckbunny,13,1,79.57958333333333,6.5902337907813395,2333.035112169983,18,6.675,1
RobustMPC,bigbuckbunny,14,1,91.43041666666664,7.640628145972084,2789.389395973359,14,10.973,1
RobustMPC,bigbuckbunny,15,1,82.98812500000003,12.490501471199106,1365.0437175297725,19,6.809,1
RobustMPC,bigbuckbunny,16,1,94.35729166666665,5.319455284803879,3425.004585317655,17,4.8,1
RobustMPC,bigbuckbunny,17,1,80.48770833333334,8.013015189388648,2107.381083637379,17,3.349,1
RobustMPC,bigbuckbunny,18,1,79.57958333333333,6.769775243442592,2298.5631532590223,18,7.02,1
RobustMPC,bigbuckbunny,19,1,94.35374999999999,0.9540807802999582,4273.136490182408,14,0.925,1
Genie,bigbuckbunny,0,1,84.61583333333336,0.2968375965451478,3967.587181463333,4,0.57,1
Genie,bigbuckbunny,1,1,78.370625,0.24467119478933466,3663.3631306004477,3,0.47,1
Genie,bigbuckbunny,2,1,84.61583333333336,0.2594620371047141,3974.7632888758963,4,0.498,1
Genie,bigbuckbunny,3,1,84.75354166666669,0.38734283935993885,3950.210174842893,5,0.744,1
Genie,bigbuckbunny,4,1,85.41229166666669,0.2219703089763878,4006.9717006765345,6,0.426,1
Genie,bigbuckbunny,5,1,81.22895833333335,0.016479779986231187,3878.675882242644,1,0.032,1
Genie,bigbuckbunny,6,1,78.370625,1.0352868543109452,3511.564923972299,3,1.988,1
Genie,bigbuckbunny,7,1,82.35666666666668,0.0,3929.3600000000006,2,0.0,0
Genie,bigbuckbunny,8,1,85.55000000000003,0.0,4056.2000000000016,6,0.0,0
Genie,bigbuckbunny,9,1,84.61208333333333,0.2752136987169271,3978.16896984635,3,0.528,1
Genie,bigbuckbunny,10,1,80.57020833333335,0.5389368028593554,3699.2241338510044,5,1.035,1
Genie,bigbuckbunny,11,1,87.1466666666667,0.22972016733635706,4088.7337278714213,6,0.441,1
Genie,bigbuckbunny,12,1,94.3468749999999,0.0,4504.969999999995,5,0.0,0
Genie,bigbuckbunny,13,1,79.08520833333334,0.5662731310373449,3601.61555884083,5,1.087,1
Genie,bigbuckbunny,14,1,92.24312500000002,0.0,4377.150000000001,6,0.0,0
Genie,bigbuckbunny,15,1,82.27479166666669,0.0,3918.820000000001,3,0.0,0
Genie,bigbuckbunny,16,1,94.4195833333333,0.0,4483.529999999999,8,0.0,0
Genie,bigbuckbunny,17,1,80.57020833333335,0.5997554472734699,3687.5469541234943,5,1.152,1
Genie,bigbuckbunny,18,1,79.08520833333334,0.7458145836985984,3567.143599929869,5,1.432,1
Genie,bigbuckbunny,19,1,94.87124999999992,0.0,4537.199999999996,5,0.0,0
BBA,bigbuckbunny,0,1,87.64333333333332,27.063632448745224,-1237.2274301590837,32,8.798,1
BBA,bigbuckbunny,1,1,84.99479166666669,49.23790243838826,-5507.137268170545,17,12.898,1
BBA,bigbuckbunny,2,1,87.64333333333332,27.02625688930479,-1230.0513227465203,32,8.798,1
BBA,bigbuckbunny,3,1,88.02604166666667,28.27554136688902,-1414.8039424426909,27,9.787,1
BBA,bigbuckbunny,4,1,87.42875,20.36275714083765,39.04062895917093,35,7.615,1
BBA,bigbuckbunny,5,1,85.83708333333334,38.505340708456075,-3463.395416023566,23,12.601,1
BBA,bigbuckbunny,6,1,84.99479166666669,50.02851809790987,-5658.9354747986945,17,12.898,1
BBA,bigbuckbunny,7,1,86.77062500000001,44.56867966402028,-4643.006495491893,30,12.778,1
BBA,bigbuckbunny,8,1,87.42875,18.426693777084566,423.98479479976334,33,4.938,1
BBA,bigbuckbunny,9,1,87.64333333333333,32.4402851991578,-2262.1647582382966,30,13.908,1
BBA,bigbuckbunny,10,1,85.97479166666666,40.65583052520934,-3832.939460840194,18,9.333,1
BBA,bigbuckbunny,11,1,88.24062499999998,13.750042933931153,1374.0917566852181,30,4.468,1
BBA,bigbuckbunny,12,1,93.20604166666662,4.907465338406889,3361.5666550258748,28,3.768,1
BBA,bigbuckbunny,13,1,85.23979166666668,48.562218006081196,-5362.725857167589,17,8.037,1
BBA,bigbuckbunny,14,1,91.48624999999998,13.080892571625846,1682.018626247837,32,8.638,1
BBA,bigbuckbunny,15,1,86.66333333333336,41.57415315433704,-4062.907405632711,30,12.778,1
BBA,bigbuckbunny,16,1,94.04020833333333,3.9087631963801273,3644.217466295015,25,4.8,1
BBA,bigbuckbunny,17,1,85.97479166666666,40.71664916962346,-3844.6166405677045,18,9.333,1
BBA,bigbuckbunny,18,1,85.23979166666668,48.741759458742436,-5397.197816078548,17,8.037,1
BBA,bigbuckbunny,19,1,93.41187499999997,1.6663630213480538,3986.9982999011727,23,1.733,1
Fugu,bigbuckbunny,0,1,85.13625000000002,0.8192692481957553,3631.140304346416,23,1.003,1
Fugu,bigbuckbunny,1,1,78.12500000000001,0.24467119478933466,3365.203130600448,22,0.47,1
Fugu,bigbuckbunny,2,1,84.83041666666668,0.2594620371047141,3761.1632888758954,22,0.498,1
Fugu,bigbuckbunny,3,1,84.9985416666667,0.38734283935993885,3799.820174842893,22,0.744,1
Fugu,bigbuckbunny,4,1,84.9991666666667,0.2219703089763878,3952.841700676535,8,0.426,1
Fugu,bigbuckbunny,5,1,80.62875,0.016479779986231187,3551.2058822426434,22,0.032,1
Fugu,bigbuckbunny,6,1,77.76770833333333,1.0352868543109452,3135.5149239722987,27,1.988,1
Fugu,bigbuckbunny,7,1,82.58000000000003,0.03943800988849833,3566.817902101409,31,0.076,1
Fugu,bigbuckbunny,8,1,85.49416666666669,0.13602583334217283,3986.4930399983036,9,0.15,1
Fugu,bigbuckbunny,9,1,84.86083333333336,0.2752136987169271,3702.548969846351,27,0.528,1
Fugu,bigbuckbunny,10,1,79.84999999999998,0.5463156157606476,3336.437401773955,28,1.035,1
Fugu,bigbuckbunny,11,1,86.78000000000002,0.22972016733635706,4043.92372787142,11,0.441,1
Fugu,bigbuckbunny,12,1,93.58541666666663,0.0,4342.899999999999,25,0.0,0
Fugu,bigbuckbunny,13,1,77.90541666666667,0.5662731310373449,3382.5955588408297,19,1.087,1
Fugu,bigbuckbunny,14,1,91.42312499999997,0.19315812887119252,4308.003639256729,8,0.371,1
Fugu,bigbuckbunny,15,1,82.3604166666667,0.0,3631.2000000000007,24,0.0,0
Fugu,bigbuckbunny,16,1,93.99874999999996,0.0,4378.049999999997,20,0.0,0
Fugu,bigbuckbunny,17,1,80.53416666666665,0.5997554472734699,3419.756954123493,24,1.152,1
Fugu,bigbuckbunny,18,1,77.82354166666667,0.7458145836985984,3357.413599929869,17,1.432,1
Fugu,bigbuckbunny,19,1,94.32,0.0,4425.679999999999,25,0.0,0
Proposed,crowd_run,0,1,11.881249999999996,0.1138475493755755,491.34127051988935,5,0.219,1
Proposed,crowd_run,1,1,6.64708333333333,0.0,250.53999999999985,6,0.0,0
Proposed,crowd_run,2,1,11.881249999999996,0.0764719899351418,498.51737793245263,5,0.147,1
Proposed,crowd_run,3,1,10.929583333333326,0.19477216473029918,430.1237443717822,5,0.374,1
Proposed,crowd_run,4,1,10.691666666666661,0.0,433.2599999999997,7,0.0,0
Proposed,crowd_run,5,1,9.026249999999996,0.0,319.0599999999998,10,0.0,0
Proposed,crowd_run,6,1,6.64708333333333,0.6842932311778573,119.15569961385121,6,1.314,1
Proposed,crowd_run,7,1,9.739999999999993,0.0,387.5799999999997,7,0.0,0
Proposed,crowd_run,8,1,10.691666666666661,0.0,433.2599999999997,7,0.0,0
Proposed,crowd_run,9,1,9.695833333333324,0.09211262833334934,337.7543753599965,10,0.177,1
Proposed,crowd_run,10,1,8.788333333333329,0.3234725147086292,245.53327717594294,10,0.621,1
Proposed,crowd_run,11,1,12.074999999999998,6.328475226219377e-05,503.88784932756556,7,0.0,1
Proposed,crowd_run,12,1,17.571250000000003,0.0,739.0000000000002,11,0.0,0
Proposed,crowd_run,13,1,6.171249999999994,0.1754616689328738,148.33135956488798,10,0.337,1
Proposed,crowd_run,14,1,15.219166666666675,0.0,631.9800000000005,9,0.0,0
Proposed,crowd_run,15,1,9.739999999999993,0.0,387.5799999999997,7,0.0,0
Proposed,crowd_run,16,1,17.826249999999998,0.0,756.3,10,0.0,0
Proposed,crowd_run,17,1,8.788333333333329,0.38429115912274364,233.856097448433,10,0.738,1
Proposed,crowd_run,18,1,6.171249999999994,0.3550031215941274,113.8594006539273,10,0.682,1
Proposed,crowd_run,19,1,18.73375,0.0,804.1,10,0.0,0
Proposed_Shielded,crowd_run,0,1,12.357083333333334,0.1138475493755755,559.8612705198896,1,0.219,1
Proposed_Shielded,crowd_run,1,1,9.739999999999995,0.0,398.9999999999998,6,0.0,0
Proposed_Shielded,crowd_run,2,1,12.357083333333334,0.0764719899351418,567.0373779324528,1,0.147,1
Proposed_Shielded,crowd_run,3,1,12.357083333333334,0.19477216473029918,544.3237443717826,1,0.374,1
Proposed_Shielded,crowd_run,4,1,13.070833333333335,0.0,593.1400000000001,3,0.0,0
Proposed_Shielded,crowd_run,5,1,11.881249999999996,0.0,513.1999999999998,5,0.0,0
Proposed_Shielded,crowd_run,6,1,9.739999999999995,0.6842932311778573,267.6156996138511,6,1.314,1
Proposed_Shielded,crowd_run,7,1,10.691666666666658,0.0,478.9399999999996,3,0.0,0
Proposed_Shielded,crowd_run,8,1,13.070833333333335,0.0,593.1400000000001,3,0.0,0
Proposed_Shielded,crowd_run,9,1,11.643333333333329,0.09211262833334934,461.2543753599967,7,0.177,1
Proposed_Shielded,crowd_run,10,1,10.929583333333328,0.3234725147086292,359.73327717594293,9,0.621,1
Proposed_Shielded,crowd_run,11,1,13.308750000000003,6.328475226219377e-05,627.3878493275658,1,0.0,1
Proposed_Shielded,crowd_run,12,1,13.308750000000003,0.0,627.4000000000002,1,0.0,0
Proposed_Shielded,crowd_run,13,1,9.739999999999995,0.1754616689328738,376.73135956488795,5,0.337,1
Proposed_Shielded,crowd_run,14,1,16.779166666666683,0.0,756.7800000000008,5,0.0,0
Proposed_Shielded,crowd_run,15,1,10.691666666666658,0.0,478.9399999999996,3,0.0,0
Proposed_Shielded,crowd_run,16,1,14.665,0.0,673.9,3,0.0,0
Proposed_Shielded,crowd_run,17,1,10.929583333333328,0.38429115912274364,348.056097448433,9,0.738,1
Proposed_Shielded,crowd_run,18,1,9.739999999999995,0.3550031215941274,342.2594006539273,5,0.682,1
Proposed_Shielded,crowd_run,19,1,16.303333333333338,0.0,733.9400000000002,5,0.0,0
Proposed_ShieldedQoE,crowd_run,0,1,15.025416666666667,0.1138475493755755,369.1412705198894,32,0.219,1
Proposed_ShieldedQoE,crowd_run,1,1,8.462083333333329,0.0,129.15999999999985,26,0.0,0
Proposed_ShieldedQoE,crowd_run,2,1,15.669791666666669,0.0764719899351418,345.3873779324527,38,0.147,1
Proposed_ShieldedQoE,crowd_run,3,1,16.25104166666667,1.99142817869027,74.13578969146829,35,3.45,1
Proposed_ShieldedQoE,crowd_run,4,1,16.170833333333338,0.0,381.69999999999993,41,0.0,0
Proposed_ShieldedQoE,crowd_run,5,1,11.572083333333326,0.0,195.55999999999972,33,0.0,0
Proposed_ShieldedQoE,crowd_run,6,1,8.462083333333329,0.6842932311778573,-2.224300386148741,26,1.314,1
Proposed_ShieldedQoE,crowd_run,7,1,12.28583333333333,0.0,174.01999999999964,41,0.0,0
Proposed_ShieldedQoE,crowd_run,8,1,15.93291666666667,0.0,393.12,40,0.0,0
Proposed_ShieldedQoE,crowd_run,9,1,14.875833333333333,0.09211262833334934,300.5543753599966,43,0.177,1
Proposed_ShieldedQoE,crowd_run,10,1,11.422499999999998,0.3234725147086292,39.15327717594295,42,0.621,1
Proposed_ShieldedQoE,crowd_run,11,1,16.920625000000005,6.328475226219377e-05,420.09784932756554,39,0.0,1
Proposed_ShieldedQoE,crowd_run,12,1,21.854583333333338,0.0,820.0600000000002,26,0.0,0
Proposed_ShieldedQoE,crowd_run,13,1,8.937916666666661,0.1754616689328738,49.7913595648879,30,0.337,1
Proposed_ShieldedQoE,crowd_run,14,1,21.679791666666677,0.0,771.8300000000004,32,0.0,0
Proposed_ShieldedQoE,crowd_run,15,1,12.047916666666664,0.0,185.43999999999977,39,0.0,0
Proposed_ShieldedQoE,crowd_run,16,1,21.597708333333333,0.0,916.9100000000001,11,0.0,0
Proposed_ShieldedQoE,crowd_run,17,1,11.18458333333333,0.38429115912274364,38.89609744843307,40,0.738,1
Proposed_ShieldedQoE,crowd_run,18,1,8.937916666666661,0.3550031215941274,15.319400653927232,30,0.682,1
Proposed_ShieldedQoE,crowd_run,19,1,22.629583333333333,0.0,931.66,19,0.0,0
Proposed_ShieldedRiskGate,crowd_run,0,1,12.357083333333334,0.1138475493755755,559.8612705198896,1,0.219,1
Proposed_ShieldedRiskGate,crowd_run,1,1,9.739999999999995,0.0,398.9999999999998,6,0.0,0
Proposed_ShieldedRiskGate,crowd_run,2,1,12.357083333333334,0.0764719899351418,567.0373779324528,1,0.147,1
Proposed_ShieldedRiskGate,crowd_run,3,1,12.357083333333334,0.19477216473029918,544.3237443717826,1,0.374,1
Proposed_ShieldedRiskGate,crowd_run,4,1,13.070833333333335,0.0,593.1400000000001,3,0.0,0
Proposed_ShieldedRiskGate,crowd_run,5,1,11.881249999999996,0.0,513.1999999999998,5,0.0,0
Proposed_ShieldedRiskGate,crowd_run,6,1,9.739999999999995,0.6842932311778573,267.6156996138511,6,1.314,1
Proposed_ShieldedRiskGate,crowd_run,7,1,10.691666666666658,0.0,478.9399999999996,3,0.0,0
Proposed_ShieldedRiskGate,crowd_run,8,1,13.070833333333335,0.0,593.1400000000001,3,0.0,0
Proposed_ShieldedRiskGate,crowd_run,9,1,11.643333333333329,0.09211262833334934,461.2543753599967,7,0.177,1
Proposed_ShieldedRiskGate,crowd_run,10,1,10.929583333333328,0.3234725147086292,359.73327717594293,9,0.621,1
Proposed_ShieldedRiskGate,crowd_run,11,1,13.308750000000003,6.328475226219377e-05,627.3878493275658,1,0.0,1
Proposed_ShieldedRiskGate,crowd_run,12,1,13.308750000000003,0.0,627.4000000000002,1,0.0,0
Proposed_ShieldedRiskGate,crowd_run,13,1,9.739999999999995,0.1754616689328738,376.73135956488795,5,0.337,1
Proposed_ShieldedRiskGate,crowd_run,14,1,16.779166666666683,0.0,756.7800000000008,5,0.0,0
Proposed_ShieldedRiskGate,crowd_run,15,1,10.691666666666658,0.0,478.9399999999996,3,0.0,0
Proposed_ShieldedRiskGate,crowd_run,16,1,14.665,0.0,673.9,3,0.0,0
Proposed_ShieldedRiskGate,crowd_run,17,1,10.929583333333328,0.38429115912274364,348.056097448433,9,0.738,1
Proposed_ShieldedRiskGate,crowd_run,18,1,9.739999999999995,0.3550031215941274,342.2594006539273,5,0.682,1
Proposed_ShieldedRiskGate,crowd_run,19,1,16.303333333333338,0.0,733.9400000000002,5,0.0,0
Ablation_Base,crowd_run,0,1,15.488750000000005,0.1138475493755755,622.0212705198898,10,0.219,1
Ablation_Base,crowd_run,1,1,9.776041666666657,0.4118643948800053,245.43203618303852,12,0.791,1
Ablation_Base,crowd_run,2,1,15.488750000000005,0.0764719899351418,629.197377932453,10,0.147,1
Ablation_Base,crowd_run,3,1,15.956458333333337,0.19477216473029918,606.0937443717828,13,0.374,1
Ablation_Base,crowd_run,4,1,15.657291666666671,0.0,606.2900000000002,14,0.0,0
Ablation_Base,crowd_run,5,1,12.418333333333335,0.0,478.94000000000005,11,0.0,0
Ablation_Base,crowd_run,6,1,9.776041666666657,1.0961576260578627,114.04773579688992,12,1.314,1
Ablation_Base,crowd_run,7,1,11.928124999999993,0.0,411.6299999999996,13,0.0,0
Ablation_Base,crowd_run,8,1,15.657291666666671,0.0,606.2900000000002,14,0.0,0
Ablation_Base,crowd_run,9,1,14.844375000000008,0.09211262833334934,609.6243753599973,9,0.177,1
Ablation_Base,crowd_run,10,1,11.748749999999996,0.3234725147086292,339.013277175943,15,0.621,1
Ablation_Base,crowd_run,11,1,17.807500000000008,6.328475226219377e-05,716.147849327566,15,0.0,1
Ablation_Base,crowd_run,12,1,24.455000000000013,0.0,1075.4700000000007,10,0.0,0
Ablation_Base,crowd_run,13,1,10.603333333333328,0.1754616689328738,399.571359564888,6,0.337,1
Ablation_Base,crowd_run,14,1,20.861875000000026,0.0,897.5500000000012,8,0.0,0
Ablation_Base,crowd_run,15,1,11.928124999999993,0.0,411.6299999999996,13,0.0,0
Ablation_Base,crowd_run,16,1,25.39833333333333,0.0,1062.9299999999998,15,0.0,0
Ablation_Base,crowd_run,17,1,11.748749999999996,0.38429115912274364,327.33609744843307,15,0.738,1
Ablation_Base,crowd_run,18,1,10.603333333333328,0.3550031215941274,365.0994006539273,6,0.682,1
Ablation_Base,crowd_run,19,1,26.496875000000017,0.0,1087.5900000000008,16,0.0,0
Ablation_Future,crowd_run,0,1,15.632083333333343,0.1138475493755755,589.88127051989,11,0.219,1
Ablation_Future,crowd_run,1,1,10.296041666666662,0.0,349.4699999999998,12,0.0,0
Ablation_Future,crowd_run,2,1,15.632083333333343,0.0764719899351418,597.0573779324533,11,0.147,1
Ablation_Future,crowd_run,3,1,17.930208333333344,0.19477216473029918,677.993744371783,12,0.374,1
Ablation_Future,crowd_run,4,1,16.799166666666675,0.0,624.5000000000003,16,0.0,0
Ablation_Future,crowd_run,5,1,12.730208333333335,0.0,393.0300000000001,17,0.0,0
Ablation_Future,crowd_run,6,1,10.296041666666662,0.6842932311778573,218.08569961385118,12,1.314,1
Ablation_Future,crowd_run,7,1,13.242083333333333,0.0,451.3399999999999,15,0.0,0
Ablation_Future,crowd_run,8,1,17.03708333333334,0.0,640.1600000000003,15,0.0,0
Ablation_Future,crowd_run,9,1,14.893125000000007,0.09211262833334934,490.58437535999724,16,0.177,1
Ablation_Future,crowd_run,10,1,12.854583333333336,0.3234725147086292,382.5732771759433,13,0.621,1
Ablation_Future,crowd_run,11,1,19.379375000000014,6.328475226219377e-05,768.7578493275664,13,0.0,1
Ablation_Future,crowd_run,12,1,29.063333333333343,0.0,1155.6300000000006,18,0.0,0
Ablation_Future,crowd_run,13,1,11.134166666666664,0.1754616689328738,321.7513595648881,15,0.337,1
Ablation_Future,crowd_run,14,1,26.419791666666658,0.0,1055.1899999999996,17,0.0,0
Ablation_Future,crowd_run,15,1,13.242083333333333,0.0,451.3399999999999,15,0.0,0
Ablation_Future,crowd_run,16,1,31.14937500000001,0.0,1303.0400000000006,14,0.0,0
Ablation_Future,crowd_run,17,1,12.854583333333336,0.38429115912274364,370.89609744843324,13,0.738,1
Ablation_Future,crowd_run,18,1,11.134166666666664,0.3550031215941274,287.27940065392744,15,0.682,1
Ablation_Future,crowd_run,19,1,31.334791666666675,0.0,1306.1000000000004,16,0.0,0
Ablation_Lyap,crowd_run,0,1,15.75645833333334,0.1138475493755755,579.6712705198898,12,0.219,1
Ablation_Lyap,crowd_run,1,1,9.856249999999994,0.6013660172235407,155.27772469307988,17,1.155,1
Ablation_Lyap,crowd_run,2,1,15.75645833333334,0.0764719899351418,586.8473779324531,12,0.147,1
Ablation_Lyap,crowd_run,3,1,16.794375000000002,0.19477216473029918,582.8537443717827,18,0.374,1
Ablation_Lyap,crowd_run,4,1,15.745833333333335,0.0,535.94,17,0.0,0
Ablation_Lyap,crowd_run,5,1,11.978541666666665,0.0,395.9699999999999,15,0.0,0
Ablation_Lyap,crowd_run,6,1,9.687708333333328,0.6842932311778573,147.44569961385108,16,1.314,1
Ablation_Lyap,crowd_run,7,1,12.597708333333332,0.0,478.0299999999999,12,0.0,0
Ablation_Lyap,crowd_run,8,1,15.983750000000002,0.0,559.3000000000002,17,0.0,0
Ablation_Lyap,crowd_run,9,1,14.376875000000004,0.09211262833334934,457.82437535999713,18,0.177,1
Ablation_Lyap,crowd_run,10,1,12.085833333333333,0.3234725147086292,357.61327717594327,14,0.621,1
Ablation_Lyap,crowd_run,11,1,17.09583333333334,6.328475226219377e-05,602.6278493275659,17,0.0,1
Ablation_Lyap,crowd_run,12,1,26.66645833333335,0.0,976.2700000000007,24,0.0,0
Ablation_Lyap,crowd_run,13,1,10.55916666666666,0.1754616689328738,333.1713595648879,13,0.337,1
Ablation_Lyap,crowd_run,14,1,25.38354166666667,0.0,1044.47,14,0.0,0
Ablation_Lyap,crowd_run,15,1,12.597708333333332,0.0,478.0299999999999,12,0.0,0
Ablation_Lyap,crowd_run,16,1,27.44916666666668,0.0,1086.8200000000006,17,0.0,0
Ablation_Lyap,crowd_run,17,1,12.085833333333333,0.38429115912274364,345.93609744843326,14,0.738,1
Ablation_Lyap,crowd_run,18,1,10.55916666666666,0.3550031215941274,298.6994006539272,13,0.682,1
Ablation_Lyap,crowd_run,19,1,27.742291666666674,0.0,1020.4500000000003,24,0.0,0
Pensieve,crowd_run,0,1,15.93291666666667,0.1138475493755755,671.4612705198897,7,0.219,1
Pensieve,crowd_run,1,1,9.413749999999993,0.0,277.61999999999966,15,0.0,0
Pensieve,crowd_run,2,1,15.93291666666667,0.0764719899351418,678.637377932453,7,0.147,1
Pensieve,crowd_run,3,1,15.739166666666668,0.19477216473029918,646.6237443717825,7,0.374,1
Pensieve,crowd_run,4,1,15.545416666666666,0.0,629.04,11,0.0,0
Pensieve,crowd_run,5,1,12.65625,0.0,490.36,11,0.0,0
Pensieve,crowd_run,6,1,9.413749999999993,0.6842932311778573,146.23569961385104,15,1.314,1
Pensieve,crowd_run,7,1,12.911249999999995,0.0,525.4399999999998,9,0.0,0
Pensieve,crowd_run,8,1,15.932916666666669,0.0,647.6400000000001,11,0.0,0
Pensieve,crowd_run,9,1,14.576666666666673,0.09211262833334934,629.1343753599972,5,0.177,1
Pensieve,crowd_run,10,1,11.98666666666666,0.3234725147086292,350.4332771759429,15,0.621,1
Pensieve,crowd_run,11,1,17.571250000000003,6.328475226219377e-05,771.9478493275658,7,0.0,1
Pensieve,crowd_run,12,1,20.610000000000003,0.0,949.9600000000002,4,0.0,0
Pensieve,crowd_run,13,1,11.034999999999997,0.1754616689328738,356.01135956488804,13,0.337,1
Pensieve,crowd_run,14,1,18.822083333333342,0.0,832.0000000000005,7,0.0,0
Pensieve,crowd_run,15,1,12.717499999999996,0.0,516.1399999999999,9,0.0,0
Pensieve,crowd_run,16,1,19.940416666666668,0.0,913.58,4,0.0,0
Pensieve,crowd_run,17,1,11.98666666666666,0.38429115912274364,338.7560974484329,15,0.738,1
Pensieve,crowd_run,18,1,11.034999999999997,0.3550031215941274,321.5394006539274,13,0.682,1
Pensieve,crowd_run,19,1,21.385,0.0,1005.76,2,0.0,0
RobustMPC,crowd_run,0,1,20.502916666666675,7.553731707902407,-660.3564879172618,18,7.011,1
RobustMPC,crowd_run,1,1,13.749374999999995,5.480799145104992,-585.7034358601587,17,4.376,1
RobustMPC,crowd_run,2,1,20.502916666666675,7.516356148461973,-653.1803805046986,18,7.011,1
RobustMPC,crowd_run,3,1,20.913958333333344,9.964086159762402,-1172.154542674381,22,9.845,1
RobustMPC,crowd_run,4,1,19.99104166666667,0.7827800028367928,629.236239455336,16,1.23,1
RobustMPC,crowd_run,5,1,16.120416666666674,4.714922547340326,-433.5051290893424,26,2.574,1
RobustMPC,crowd_run,6,1,13.51145833333333,4.18389904025564,-359.53861572908295,18,4.376,1
RobustMPC,crowd_run,7,1,17.52083333333334,11.866316286963867,-1668.4127270970616,20,9.39,1
RobustMPC,crowd_run,8,1,20.22895833333334,1.5384373690504745,506.99002514230904,16,1.433,1
RobustMPC,crowd_run,9,1,19.907291666666676,17.907185776941656,-2764.1496691727975,22,21.512,1
RobustMPC,crowd_run,10,1,15.65083333333333,5.266785559609607,-508.62282744504466,22,3.749,1
RobustMPC,crowd_run,11,1,21.802083333333346,0.41662059429985604,785.6688458944283,15,0.216,1
RobustMPC,crowd_run,12,1,33.37083333333333,4.877175616729038,467.79228158802465,14,7.077,1
RobustMPC,crowd_run,13,1,14.330625,4.336800643113546,-386.77572347780074,22,4.8,1
RobustMPC,crowd_run,14,1,32.62354166666666,3.7601470166797863,610.9217727974809,18,3.822,1
RobustMPC,crowd_run,15,1,17.52083333333334,11.972301559924176,-1688.7618995054413,20,9.39,1
RobustMPC,crowd_run,16,1,37.19687500000001,7.614134411960352,119.56619290361306,14,8.205,1
RobustMPC,crowd_run,17,1,15.65083333333333,5.327604204023721,-520.3000071725546,22,3.749,1
RobustMPC,crowd_run,18,1,14.330625,4.5163420957748,-421.24768238876163,22,5.144,1
RobustMPC,crowd_run,19,1,35.946250000000006,1.3056631604064053,1268.4226732019706,19,1.49,1
Genie,crowd_run,0,1,19.12125,0.1138475493755755,856.6412705198894,4,0.219,1
Genie,crowd_run,1,1,13.31583333333333,0.0,567.6999999999998,7,0.0,0
Genie,crowd_run,2,1,19.12125,0.0764719899351418,863.8173779324527,4,0.147,1
Genie,crowd_run,3,1,19.062708333333337,0.19477216473029918,831.4137443717827,4,0.374,1
Genie,crowd_run,4,1,19.12125,0.0,878.4999999999999,4,0.0,0
Genie,crowd_run,5,1,15.457083333333335,0.0,693.32,5,0.0,0
Genie,crowd_run,6,1,13.465416666666663,0.6842932311778573,443.4956996138512,5,1.314,1
Genie,crowd_run,7,1,16.96291666666666,0.0,752.0599999999998,5,0.0,0
Genie,crowd_run,8,1,19.29791666666667,0.0,886.98,4,0.0,0
Genie,crowd_run,9,1,19.015833333333337,0.09211262833334934,823.614375359997,6,0.177,1
Genie,crowd_run,10,1,14.875833333333333,0.3234725147086292,599.0732771759432,4,0.621,1
Genie,crowd_run,11,1,21.041666666666668,6.328475226219377e-05,989.2678493275656,2,0.0,1
Genie,crowd_run,12,1,32.800625000000025,0.0,1529.040000000001,5,0.0,0
Genie,crowd_run,13,1,13.298750000000004,0.1754616689328738,551.7913595648884,3,0.337,1
Genie,crowd_run,14,1,30.991249999999997,0.007143208398093769,1418.488503987566,5,0.014,1
Genie,crowd_run,15,1,16.96291666666666,0.0021782403107105846,751.6417778603434,5,0.004,1
Genie,crowd_run,16,1,36.248958333333356,0.0,1634.2400000000011,6,0.0,0
Genie,crowd_run,17,1,14.875833333333333,0.38429115912274364,587.3960974484331,4,0.738,1
Genie,crowd_run,18,1,13.298750000000004,0.3550031215941274,517.3194006539277,3,0.682,1
Genie,crowd_run,19,1,36.01500000000002,0.0,1659.6900000000012,5,0.0,0
BBA,crowd_run,0,1,22.078333333333347,30.815231510294844,-5244.264449976608,33,9.077,1
BBA,crowd_run,1,1,18.21125000000001,48.69904367082121,-8663.816384797672,18,14.114,1
BBA,crowd_run,2,1,22.078333333333347,30.77785595085441,-5237.088342564046,33,9.077,1
BBA,crowd_run,3,1,22.158125000000013,27.660339367361004,-4656.115158533312,32,10.096,1
BBA,crowd_run,4,1,21.378958333333344,15.146034571810905,-2160.168637787693,25,5.139,1
BBA,crowd_run,5,1,18.79250000000001,29.771357505309016,-5043.84064101933,21,10.245,1
BBA,crowd_run,6,1,18.04270833333334,47.82354318176519,-8487.630290898915,18,14.114,1
BBA,crowd_run,7,1,20.266875000000017,41.83246111201318,-7406.902533506531,30,20.333,1
BBA,crowd_run,8,1,21.572708333333342,15.05413114074743,-2133.223179023506,25,5.139,1
BBA,crowd_run,9,1,21.846250000000015,26.74838054530278,-4503.249064698133,34,13.24,1
BBA,crowd_run,10,1,19.15479166666667,37.72365646309473,-6583.232040914187,23,9.705,1
BBA,crowd_run,11,1,22.686875000000015,10.950893011118017,-1401.3014581346588,32,6.581,1
BBA,crowd_run,12,1,31.880625000000013,9.469559373973206,-774.1753998028546,32,8.152,1
BBA,crowd_run,13,1,17.848958333333346,44.67932397491097,-7930.440203182906,18,11.4,1
BBA,crowd_run,14,1,31.840208333333333,10.93973077545155,-854.2983088866974,24,7.016,1
BBA,crowd_run,15,1,20.266875000000017,41.93844638497349,-7427.2517059149095,30,20.333,1
BBA,crowd_run,16,1,35.025208333333346,10.252196598728753,-742.2017469559203,30,8.205,1
BBA,crowd_run,17,1,19.15479166666667,37.78447510750883,-6594.909220641696,23,9.705,1
BBA,crowd_run,18,1,17.848958333333346,44.858865427572226,-7964.912162093867,18,11.4,1
BBA,crowd_run,19,1,33.652708333333344,3.251030956814242,598.1420562916658,29,4.79,1
Fugu,crowd_run,0,1,19.365625000000005,0.47498154269701226,547.5335438021739,25,0.693,1
Fugu,crowd_run,1,1,12.197499999999996,0.0,261.1399999999998,28,0.0,0
Fugu,crowd_run,2,1,19.460208333333338,0.0764719899351418,667.607377932453,23,0.147,1
Fugu,crowd_run,3,1,19.226875000000003,0.19477216473029918,675.4337443717827,21,0.374,1
Fugu,crowd_run,4,1,18.24270833333334,0.0,769.4100000000003,11,0.0,0
Fugu,crowd_run,5,1,15.240208333333333,0.0,332.58999999999986,29,0.0,0
Fugu,crowd_run,6,1,12.540833333333326,0.6842932311778573,146.23569961385107,28,1.314,1
Fugu,crowd_run,7,1,16.552083333333332,0.14259998785330352,414.6608023321655,28,0.274,1
Fugu,crowd_run,8,1,18.50583333333334,0.037526797675152546,795.254854846371,9,0.072,1
Fugu,crowd_run,9,1,18.93395833333334,1.0869836895282476,305.18913161057645,33,1.91,1
Fugu,crowd_run,10,1,14.562291666666669,0.3234725147086292,321.6232771759433,28,0.621,1
Fugu,crowd_run,11,1,20.898541666666674,0.26768241844635826,852.1549756582996,10,0.514,1
Fugu,crowd_run,12,1,32.78479166666666,0.0,1214.3999999999999,27,0.0,0
Fugu,crowd_run,13,1,12.28583333333333,0.1754616689328738,360.25135956488805,17,0.337,1
Fugu,crowd_run,14,1,30.823750000000004,0.007143208398093769,1281.9885039875662,16,0.014,1
Fugu,crowd_run,15,1,16.720625,0.0,468.72999999999996,23,0.0,0
Fugu,crowd_run,16,1,35.512916666666676,0.0,1320.6200000000006,24,0.0,0
Fugu,crowd_run,17,1,14.463125,0.38429115912274364,325.6060974484331,26,0.738,1
Fugu,crowd_run,18,1,11.854166666666663,0.3550031215941274,277.9794006539273,21,0.682,1
Fugu,crowd_run,19,1,34.7575,0.060081764682376936,1402.3543011809836,23,0.115,1
Proposed,tearsofsteel_short,0,1,82.82020833333338,0.25097217265519034,3789.9533428502054,12,0.482,1
Proposed,tearsofsteel_short,1,1,77.36020833333336,0.15669662154517913,3477.044248663327,14,0.301,1
Proposed,tearsofsteel_short,2,1,82.82020833333338,0.21359661321475668,3797.129450262769,12,0.41,1
Proposed,tearsofsteel_short,3,1,85.42125000000006,0.33907608519882976,3898.3073916418275,16,0.651,1
Proposed,tearsofsteel_short,4,1,84.38520833333341,0.164007281836695,3844.630601887358,18,0.315,1
Proposed,tearsofsteel_short,5,1,79.83229166666669,0.0,3631.9800000000014,14,0.0,0
Proposed,tearsofsteel_short,6,1,78.01812500000003,0.9473122810667897,3268.9060420351775,17,1.819,1
Proposed,tearsofsteel_short,7,1,79.96125000000002,0.0,3650.970000000001,16,0.0,0
Proposed,tearsofsteel_short,8,1,84.38520833333341,0.0,3876.1200000000035,18,0.0,0
Proposed,tearsofsteel_short,9,1,81.77979166666668,0.22932044748416744,3706.6104740830406,13,0.44,1
Proposed,tearsofsteel_short,10,1,79.83229166666669,0.48493189351025157,3526.493076446033,16,0.931,1
Proposed,tearsofsteel_short,11,1,85.55020833333339,0.17215796418983997,3936.5456708755532,16,0.331,1
Proposed,tearsofsteel_short,12,1,89.57416666666671,0.0,4237.450000000003,8,0.0,0
Proposed,tearsofsteel_short,13,1,78.27166666666669,0.46831844089037095,3492.33285934905,14,0.899,1
Proposed,tearsofsteel_short,14,1,88.14687500000002,0.0,4131.380000000001,10,0.0,0
Proposed,tearsofsteel_short,15,1,79.96125000000002,0.0,3650.970000000001,16,0.0,0
Proposed,tearsofsteel_short,16,1,89.18291666666671,0.0,4243.430000000002,4,0.0,0
Proposed,tearsofsteel_short,17,1,79.83229166666669,0.5457505379243661,3514.815896718523,16,1.048,1
Proposed,tearsofsteel_short,18,1,78.27166666666669,0.6478598935516245,3457.8609004380896,14,1.244,1
Proposed,tearsofsteel_short,19,1,90.09000000000003,0.0,4299.350000000001,2,0.0,0
Proposed_Shielded,tearsofsteel_short,0,1,82.83770833333341,0.25097217265519034,3853.113342850207,6,0.482,1
Proposed_Shielded,tearsofsteel_short,1,1,76.06625000000001,0.15669662154517913,3452.074248663326,9,0.301,1
Proposed_Shielded,tearsofsteel_short,2,1,83.62020833333342,0.21359661321475668,3897.849450262771,6,0.41,1
Proposed_Shielded,tearsofsteel_short,3,1,83.87375000000009,0.33907608519882976,3923.4873916418287,4,0.651,1
Proposed_Shielded,tearsofsteel_short,4,1,83.88250000000009,0.164007281836695,3945.1406018873586,6,0.315,1
Proposed_Shielded,tearsofsteel_short,5,1,77.36895833333337,0.0,3532.3100000000013,11,0.0,0
Proposed_Shielded,tearsofsteel_short,6,1,76.06625000000001,0.9473122810667897,3300.276042035177,9,1.819,1
Proposed_Shielded,tearsofsteel_short,7,1,77.36895833333335,0.0,3613.620000000001,6,0.0,0
Proposed_Shielded,tearsofsteel_short,8,1,83.88250000000009,0.0,3976.630000000004,6,0.0,0
Proposed_Shielded,tearsofsteel_short,9,1,78.92520833333336,5.469712826137785,2657.1251373815467,7,10.062,1
Proposed_Shielded,tearsofsteel_short,10,1,78.02250000000002,0.48493189351025157,3558.0730764460327,5,0.931,1
Proposed_Shielded,tearsofsteel_short,11,1,84.14041666666675,0.17215796418983997,3968.335670875555,4,0.331,1
Proposed_Shielded,tearsofsteel_short,12,1,88.53812500000005,0.0,4175.340000000003,10,0.0,0
Proposed_Shielded,tearsofsteel_short,13,1,75.67500000000003,0.46831844089037095,3392.2428593490495,8,0.899,1
Proposed_Shielded,tearsofsteel_short,14,1,88.15562500000003,0.0,4194.120000000001,4,0.0,0
Proposed_Shielded,tearsofsteel_short,15,1,77.36895833333335,0.0,3613.620000000001,6,0.0,0
Proposed_Shielded,tearsofsteel_short,16,1,87.4933333333334,0.0,4149.9500000000035,6,0.0,0
Proposed_Shielded,tearsofsteel_short,17,1,78.02250000000002,0.5457505379243661,3546.395896718523,5,1.048,1
Proposed_Shielded,tearsofsteel_short,18,1,75.67500000000003,0.6478598935516245,3357.7709004380895,8,1.244,1
Proposed_Shielded,tearsofsteel_short,19,1,89.9610416666667,0.0,4280.780000000002,4,0.0,0
Proposed_ShieldedQoE,tearsofsteel_short,0,1,82.32187500000005,0.25097217265519034,3697.103342850206,17,0.482,1
Proposed_ShieldedQoE,tearsofsteel_short,1,1,77.63125000000002,0.15669662154517913,3301.8342486633264,26,0.301,1
Proposed_ShieldedQoE,tearsofsteel_short,2,1,82.71312500000005,0.21359661321475668,3610.379450262769,23,0.41,1
Proposed_ShieldedQoE,tearsofsteel_short,3,1,82.97541666666673,0.33907608519882976,3648.8173916418277,20,0.651,1
Proposed_ShieldedQoE,tearsofsteel_short,4,1,83.75791666666672,0.164007281836695,3719.9906018873567,23,0.315,1
Proposed_ShieldedQoE,tearsofsteel_short,5,1,79.71645833333336,0.0,3457.190000000002,26,0.0,0
Proposed_ShieldedQoE,tearsofsteel_short,6,1,78.02250000000002,0.9473122810667897,3131.2560420351774,28,1.819,1
Proposed_ShieldedQoE,tearsofsteel_short,7,1,81.27708333333338,0.0,3457.4000000000024,35,0.0,0
Proposed_ShieldedQoE,tearsofsteel_short,8,1,83.88687500000005,0.0,3782.8500000000026,22,0.0,0
Proposed_ShieldedQoE,tearsofsteel_short,9,1,81.53500000000001,1.3282710933205872,3377.7919500824473,24,2.11,1
Proposed_ShieldedQoE,tearsofsteel_short,10,1,80.10770833333336,0.48493189351025157,3420.423076446033,24,0.931,1
Proposed_ShieldedQoE,tearsofsteel_short,11,1,85.31854166666672,0.17215796418983997,3868.8756708755527,19,0.331,1
Proposed_ShieldedQoE,tearsofsteel_short,12,1,88.10437500000006,0.0,4030.7100000000028,32,0.0,0
Proposed_ShieldedQoE,tearsofsteel_short,13,1,77.63125000000004,0.46831844089037095,3317.1228593490505,23,0.899,1
Proposed_ShieldedQoE,tearsofsteel_short,14,1,88.22916666666669,0.0,4017.280000000001,30,0.0,0
Proposed_ShieldedQoE,tearsofsteel_short,15,1,81.40604166666671,0.0,3451.2100000000023,37,0.0,0
Proposed_ShieldedQoE,tearsofsteel_short,16,1,87.96666666666671,0.0,3967.9700000000025,36,0.0,0
Proposed_ShieldedQoE,tearsofsteel_short,17,1,79.58750000000002,0.5457505379243661,3358.5958967185234,24,1.048,1
Proposed_ShieldedQoE,tearsofsteel_short,18,1,77.63125000000004,0.6478598935516245,3282.6509004380896,23,1.244,1
Proposed_ShieldedQoE,tearsofsteel_short,19,1,88.74916666666671,0.0,3993.570000000002,40,0.0,0
Proposed_ShieldedRiskGate,tearsofsteel_short,0,1,82.83770833333341,0.25097217265519034,3853.113342850207,6,0.482,1
Proposed_ShieldedRiskGate,tearsofsteel_short,1,1,76.06625000000001,0.15669662154517913,3452.074248663326,9,0.301,1
Proposed_ShieldedRiskGate,tearsofsteel_short,2,1,83.62020833333342,0.21359661321475668,3897.849450262771,6,0.41,1
Proposed_ShieldedRiskGate,tearsofsteel_short,3,1,83.87375000000009,0.33907608519882976,3923.4873916418287,4,0.651,1
Proposed_ShieldedRiskGate,tearsofsteel_short,4,1,83.88250000000009,0.164007281836695,3945.1406018873586,6,0.315,1
Proposed_ShieldedRiskGate,tearsofsteel_short,5,1,77.36895833333337,0.0,3532.3100000000013,11,0.0,0
Proposed_ShieldedRiskGate,tearsofsteel_short,6,1,76.06625000000001,0.9473122810667897,3300.276042035177,9,1.819,1
Proposed_ShieldedRiskGate,tearsofsteel_short,7,1,77.36895833333335,0.0,3613.620000000001,6,0.0,0
Proposed_ShieldedRiskGate,tearsofsteel_short,8,1,83.88250000000009,0.0,3976.630000000004,6,0.0,0
Proposed_ShieldedRiskGate,tearsofsteel_short,9,1,78.92520833333336,5.469712826137785,2657.1251373815467,7,10.062,1
Proposed_ShieldedRiskGate,tearsofsteel_short,10,1,78.02250000000002,0.48493189351025157,3558.0730764460327,5,0.931,1
Proposed_ShieldedRiskGate,tearsofsteel_short,11,1,84.14041666666675,0.17215796418983997,3968.335670875555,4,0.331,1
Proposed_ShieldedRiskGate,tearsofsteel_short,12,1,88.53812500000005,0.0,4175.340000000003,10,0.0,0
Proposed_ShieldedRiskGate,tearsofsteel_short,13,1,75.67500000000003,0.46831844089037095,3392.2428593490495,8,0.899,1
Proposed_ShieldedRiskGate,tearsofsteel_short,14,1,88.15562500000003,0.0,4194.120000000001,4,0.0,0
Proposed_ShieldedRiskGate,tearsofsteel_short,15,1,77.36895833333335,0.0,3613.620000000001,6,0.0,0
Proposed_ShieldedRiskGate,tearsofsteel_short,16,1,87.4933333333334,0.0,4149.9500000000035,6,0.0,0
Proposed_ShieldedRiskGate,tearsofsteel_short,17,1,78.02250000000002,0.5457505379243661,3546.395896718523,5,1.048,1
Proposed_ShieldedRiskGate,tearsofsteel_short,18,1,75.67500000000003,0.6478598935516245,3357.7709004380895,8,1.244,1
Proposed_ShieldedRiskGate,tearsofsteel_short,19,1,89.9610416666667,0.0,4280.780000000002,4,0.0,0
Ablation_Base,tearsofsteel_short,0,1,82.32625000000006,0.25097217265519034,3847.133342850206,3,0.482,1
Ablation_Base,tearsofsteel_short,1,1,76.84875000000001,0.15669662154517913,3414.5142486633263,13,0.301,1
Ablation_Base,tearsofsteel_short,2,1,82.32625000000006,0.21359661321475668,3854.3094502627696,3,0.41,1
Ablation_Base,tearsofsteel_short,3,1,82.4552083333334,0.33907608519882976,3786.467391641828,7,0.651,1
Ablation_Base,tearsofsteel_short,4,1,83.50000000000007,0.164007281836695,3957.730601887358,1,0.315,1
Ablation_Base,tearsofsteel_short,5,1,79.32083333333337,0.0,3588.440000000002,13,0.0,0
Ablation_Base,tearsofsteel_short,6,1,76.84875000000001,0.9473122810667897,3262.716042035177,13,1.819,1
Ablation_Base,tearsofsteel_short,7,1,79.97875000000003,0.0,3632.400000000002,11,0.0,0
Ablation_Base,tearsofsteel_short,8,1,83.89125000000008,0.0,4008.0000000000036,1,0.0,0
Ablation_Base,tearsofsteel_short,9,1,79.58750000000003,2.732717230066313,3201.6182918272693,5,4.807,1
Ablation_Base,tearsofsteel_short,10,1,79.32520833333336,0.48493189351025157,3533.103076446033,11,0.931,1
Ablation_Base,tearsofsteel_short,11,1,83.50000000000007,0.17215796418983997,3956.165670875554,1,0.331,1
Ablation_Base,tearsofsteel_short,12,1,85.83000000000008,0.0,4070.1100000000038,6,0.0,0
Ablation_Base,tearsofsteel_short,13,1,78.02250000000004,0.46831844089037095,3486.1428593490505,9,0.899,1
Ablation_Base,tearsofsteel_short,14,1,84.28250000000007,0.0,4026.7800000000034,1,0.0,0
Ablation_Base,tearsofsteel_short,15,1,79.97875000000003,0.0,3632.400000000002,11,0.0,0
Ablation_Base,tearsofsteel_short,16,1,88.40916666666674,0.0,4218.670000000003,2,0.0,0
Ablation_Base,tearsofsteel_short,17,1,79.32520833333336,0.5457505379243661,3521.4258967185233,11,1.048,1
Ablation_Base,tearsofsteel_short,18,1,78.02250000000004,0.6478598935516245,3451.67090043809,9,1.244,1
Ablation_Base,tearsofsteel_short,19,1,84.28250000000007,0.0,4026.7800000000034,1,0.0,0
Ablation_Future,tearsofsteel_short,0,1,86.85812500000003,0.25097217265519034,3893.5733428502044,24,0.482,1
Ablation_Future,tearsofsteel_short,1,1,80.6279166666667,0.15669662154517913,3502.224248663327,20,0.301,1
Ablation_Future,tearsofsteel_short,2,1,86.85812500000003,0.21359661321475668,3900.749450262768,24,0.41,1
Ablation_Future,tearsofsteel_short,3,1,87.89854166666673,0.33907608519882976,3938.957391641827,24,0.651,1
Ablation_Future,tearsofsteel_short,4,1,87.57604166666671,0.164007281836695,3951.3306018873573,28,0.315,1
Ablation_Future,tearsofsteel_short,5,1,82.56708333333337,0.0,3682.3500000000017,23,0.0,0
Ablation_Future,tearsofsteel_short,6,1,80.6279166666667,0.9473122810667897,3350.426042035178,20,1.819,1
Ablation_Future,tearsofsteel_short,7,1,83.21625000000004,0.0,3591.530000000002,31,0.0,0
Ablation_Future,tearsofsteel_short,8,1,87.70062500000004,0.0,3957.420000000002,30,0.0,0
Ablation_Future,tearsofsteel_short,9,1,85.42645833333336,8.765061919159207,2142.8781115214333,23,16.389,1
Ablation_Future,tearsofsteel_short,10,1,83.22479166666669,0.48493189351025157,3683.5530764460327,20,0.931,1
Ablation_Future,tearsofsteel_short,11,1,89.26166666666671,0.17215796418983997,4105.775670875552,24,0.331,1
Ablation_Future,tearsofsteel_short,12,1,93.65312500000005,0.0,4411.520000000002,14,0.0,0
Ablation_Future,tearsofsteel_short,13,1,81.27270833333337,0.46831844089037095,3536.0828593490505,18,0.899,1
Ablation_Future,tearsofsteel_short,14,1,92.28000000000003,0.0,4322.770000000001,16,0.0,0
Ablation_Future,tearsofsteel_short,15,1,83.21625000000004,0.0,3591.530000000002,31,0.0,0
Ablation_Future,tearsofsteel_short,16,1,93.79333333333336,0.0,4432.950000000002,15,0.0,0
Ablation_Future,tearsofsteel_short,17,1,83.22479166666669,0.5457505379243661,3671.875896718523,20,1.048,1
Ablation_Future,tearsofsteel_short,18,1,81.27270833333337,0.6478598935516245,3501.61090043809,18,1.244,1
Ablation_Future,tearsofsteel_short,19,1,94.16958333333338,0.0,4467.290000000002,8,0.0,0
Ablation_Lyap,tearsofsteel_short,0,1,81.93500000000006,0.25097217265519034,3790.793342850206,5,0.482,1
Ablation_Lyap,tearsofsteel_short,1,1,77.63125000000002,0.15669662154517913,3452.0742486633267,13,0.301,1
Ablation_Lyap,tearsofsteel_short,2,1,81.93500000000006,0.21359661321475668,3797.9694502627694,5,0.41,1
Ablation_Lyap,tearsofsteel_short,3,1,83.10875000000009,0.33907608519882976,3905.337391641828,1,0.651,1
Ablation_Lyap,tearsofsteel_short,4,1,83.50000000000007,0.164007281836695,3957.730601887358,1,0.315,1
Ablation_Lyap,tearsofsteel_short,5,1,79.58750000000005,0.0,3651.180000000002,9,0.0,0
Ablation_Lyap,tearsofsteel_short,6,1,77.63125000000002,0.9473122810667897,3300.2760420351774,13,1.819,1
Ablation_Lyap,tearsofsteel_short,7,1,79.58750000000005,0.0,3576.060000000002,13,0.0,0
Ablation_Lyap,tearsofsteel_short,8,1,83.50000000000007,0.0,3989.2200000000034,1,0.0,0
Ablation_Lyap,tearsofsteel_short,9,1,79.58750000000003,2.732717230066313,3239.1782918272693,3,4.807,1
Ablation_Lyap,tearsofsteel_short,10,1,79.58750000000003,0.48493189351025157,3595.633076446033,7,0.931,1
Ablation_Lyap,tearsofsteel_short,11,1,83.50000000000007,0.17215796418983997,3956.165670875554,1,0.331,1
Ablation_Lyap,tearsofsteel_short,12,1,84.28250000000007,0.0,4026.7800000000034,1,0.0,0
Ablation_Lyap,tearsofsteel_short,13,1,77.63125000000004,0.46831844089037095,3392.2428593490504,13,0.899,1
Ablation_Lyap,tearsofsteel_short,14,1,84.28250000000007,0.0,4026.7800000000034,1,0.0,0
Ablation_Lyap,tearsofsteel_short,15,1,79.58750000000005,0.0,3576.060000000002,13,0.0,0
Ablation_Lyap,tearsofsteel_short,16,1,88.28020833333339,0.0,4212.480000000002,2,0.0,0
Ablation_Lyap,tearsofsteel_short,17,1,79.58750000000003,0.5457505379243661,3583.9558967185235,7,1.048,1
Ablation_Lyap,tearsofsteel_short,18,1,77.63125000000004,0.6478598935516245,3357.77090043809,13,1.244,1
Ablation_Lyap,tearsofsteel_short,19,1,84.28250000000007,0.0,4026.7800000000034,1,0.0,0
Pensieve,tearsofsteel_short,0,1,83.48250000000006,0.25097217265519034,3784.1833428502064,14,0.482,1
Pensieve,tearsofsteel_short,1,1,78.41375000000002,0.15669662154517913,3489.6342486633266,13,0.301,1
Pensieve,tearsofsteel_short,2,1,83.34916666666673,0.21359661321475668,3784.9594502627697,14,0.41,1
Pensieve,tearsofsteel_short,3,1,84.7808333333334,0.33907608519882976,3829.587391641828,13,0.651,1
Pensieve,tearsofsteel_short,4,1,85.56770833333341,0.164007281836695,4026.030601887358,6,0.315,1
Pensieve,tearsofsteel_short,5,1,80.09895833333337,0.0,3650.9700000000016,12,0.0,0
Pensieve,tearsofsteel_short,6,1,78.41375000000002,0.9473122810667897,3337.8360420351773,13,1.819,1
Pensieve,tearsofsteel_short,7,1,79.4454166666667,0.0,3613.4100000000017,13,0.0,0
Pensieve,tearsofsteel_short,8,1,85.56770833333341,0.0,4045.1400000000035,8,0.0,0
Pensieve,tearsofsteel_short,9,1,82.1754166666667,5.469712826137785,2813.1351373815473,7,10.062,1
Pensieve,tearsofsteel_short,10,1,80.23666666666671,0.48493189351025157,3564.4730764460332,13,0.931,1
Pensieve,tearsofsteel_short,11,1,86.21250000000008,0.17215796418983997,4030.6556708755543,10,0.331,1
Pensieve,tearsofsteel_short,12,1,89.70312500000004,0.0,4280.780000000002,2,0.0,0
Pensieve,tearsofsteel_short,13,1,78.80062500000004,0.46831844089037095,3435.9928593490504,15,0.899,1
Pensieve,tearsofsteel_short,14,1,87.6354166666667,0.0,4169.1500000000015,4,0.0,0
Pensieve,tearsofsteel_short,15,1,79.4454166666667,0.0,3613.4100000000017,13,0.0,0
Pensieve,tearsofsteel_short,16,1,89.05395833333337,0.0,4249.620000000002,2,0.0,0
Pensieve,tearsofsteel_short,17,1,80.23666666666671,0.5457505379243661,3552.7958967185236,13,1.048,1
Pensieve,tearsofsteel_short,18,1,78.80062500000004,0.6478598935516245,3401.52090043809,15,1.244,1
Pensieve,tearsofsteel_short,19,1,89.44083333333337,0.0,4268.190000000001,2,0.0,0
RobustMPC,tearsofsteel_short,0,1,89.45479166666672,7.877183318136392,2622.5008029178152,15,7.321,1
RobustMPC,tearsofsteel_short,1,1,82.96666666666671,4.352003244158874,2878.125377121498,17,5.066,1
RobustMPC,tearsofsteel_short,2,1,89.45479166666672,7.839807758695959,2629.6769103303786,15,7.321,1
RobustMPC,tearsofsteel_short,3,1,89.77750000000007,7.519891786741044,2687.9907769457227,20,6.388,1
RobustMPC,tearsofsteel_short,4,1,89.65208333333341,1.2211113918597305,3966.0766127629354,9,1.49,1
RobustMPC,tearsofsteel_short,5,1,85.75750000000004,6.724620103902029,2634.7429400508117,15,4.475,1
RobustMPC,tearsofsteel_short,6,1,82.57541666666671,2.6605745644761245,3165.3196836205866,18,1.819,1
RobustMPC,tearsofsteel_short,7,1,87.04666666666668,15.33234824556447,1012.9991368516223,18,10.546,1
RobustMPC,tearsofsteel_short,8,1,90.04333333333341,2.2367083025027656,3808.642005919473,9,2.265,1
RobustMPC,tearsofsteel_short,9,1,88.0791666666667,22.123288689783262,-222.54142843838594,18,25.915,1
RobustMPC,tearsofsteel_short,10,1,85.17229166666672,3.329459435387054,3280.8237884056884,15,2.385,1
RobustMPC,tearsofsteel_short,11,1,91.07104166666672,1.7365460610203873,3922.8231562840883,14,1.147,1
RobustMPC,tearsofsteel_short,12,1,95.1485416666667,3.3989371698139204,3827.274063395729,22,5.309,1
RobustMPC,tearsofsteel_short,13,1,82.70437500000004,7.040101681159851,2386.98047721731,17,6.205,1
RobustMPC,tearsofsteel_short,14,1,93.32499999999999,6.612389638283746,3110.39118944952,18,9.465,1
RobustMPC,tearsofsteel_short,15,1,87.04666666666668,15.43833351852478,992.6499644432427,18,10.546,1
RobustMPC,tearsofsteel_short,16,1,95.70666666666666,4.90600615699229,3593.35681785748,13,4.974,1
RobustMPC,tearsofsteel_short,17,1,85.17229166666672,3.3902780798011687,3269.1466086781784,15,2.385,1
RobustMPC,tearsofsteel_short,18,1,82.70437500000004,7.219643133821103,2352.5085183063497,17,6.55,1
RobustMPC,tearsofsteel_short,19,1,96.16812500000005,3.030953514519177,3988.2769252123203,16,1.904,1
Genie,tearsofsteel_short,0,1,89.2695833333334,0.25097217265519034,4183.923342850207,7,0.482,1
Genie,tearsofsteel_short,1,1,81.93062500000003,0.15669662154517913,3840.0542486633267,4,0.301,1
Genie,tearsofsteel_short,2,1,89.2695833333334,0.21359661321475668,4191.09945026277,7,0.41,1
Genie,tearsofsteel_short,3,1,89.72062500000006,0.33907608519882976,4204.137391641827,4,0.651,1
Genie,tearsofsteel_short,4,1,89.84979166666675,0.164007281836695,4228.4706018873585,7,0.315,1
Genie,tearsofsteel_short,5,1,85.25437500000005,0.0,4026.5800000000027,4,0.0,0
Genie,tearsofsteel_short,6,1,81.93062500000003,0.9473122810667897,3688.2560420351774,4,1.819,1
Genie,tearsofsteel_short,7,1,85.70562500000007,0.0,4085.8000000000034,3,0.0,0
Genie,tearsofsteel_short,8,1,89.84979166666675,0.0,4259.960000000004,7,0.0,0
Genie,tearsofsteel_short,9,1,88.68020833333338,0.22932044748416744,4087.7704740830427,9,0.44,1
Genie,tearsofsteel_short,10,1,85.1895833333334,0.48493189351025157,3933.4630764460344,4,0.931,1
Genie,tearsofsteel_short,11,1,91.20395833333339,0.17215796418983997,4291.905670875553,7,0.331,1
Genie,tearsofsteel_short,12,1,95.67812500000008,0.040275836890717176,4567.647039316986,5,0.077,1
Genie,tearsofsteel_short,13,1,82.84208333333338,0.47147024048478925,3785.8077138269227,6,0.899,1
Genie,tearsofsteel_short,14,1,94.33479166666672,0.0,4478.060000000002,6,0.0,0
Genie,tearsofsteel_short,15,1,85.70562500000007,0.0,4085.8000000000034,3,0.0,0
Genie,tearsofsteel_short,16,1,96.00562500000002,0.0,4568.960000000001,6,0.0,0
Genie,tearsofsteel_short,17,1,85.1895833333334,0.5457505379243661,3921.785896718525,4,1.048,1
Genie,tearsofsteel_short,18,1,82.84208333333338,0.6510116931460429,3751.335754915962,6,1.244,1
Genie,tearsofsteel_short,19,1,96.18687500000006,0.0,4599.280000000003,7,0.0,0
BBA,tearsofsteel_short,0,1,90.14354166666669,22.745738065757028,-242.02170862534842,30,17.2,1
BBA,tearsofsteel_short,1,1,88.36687500000005,46.202467926783775,-4821.393841942482,27,13.584,1
BBA,tearsofsteel_short,2,1,90.14354166666669,22.708362506316597,-234.84560121278503,30,17.2,1
BBA,tearsofsteel_short,3,1,90.4016666666667,20.10888634577009,258.063821612144,33,7.348,1
BBA,tearsofsteel_short,4,1,90.01458333333336,15.893398988592875,1042.6773941901697,34,3.924,1
BBA,tearsofsteel_short,5,1,89.17583333333339,35.10975573417581,-2631.3631009617543,24,13.834,1
BBA,tearsofsteel_short,6,1,88.36687500000005,46.99308358630538,-4973.192048570631,27,13.584,1
BBA,tearsofsteel_short,7,1,89.46375000000005,35.71342112653066,-2770.366856293884,28,14.77,1
BBA,tearsofsteel_short,8,1,90.1435416666667,15.878686924350074,1051.6921105247875,35,4.21,1
BBA,tearsofsteel_short,9,1,90.33750000000005,37.36168180731636,-3051.362907004738,28,28.11,1
BBA,tearsofsteel_short,10,1,88.81854166666672,33.254169645033336,-2257.940571846398,18,9.007,1
BBA,tearsofsteel_short,11,1,90.65979166666669,13.705828519226873,1481.2609243084412,34,7.77,1
BBA,tearsofsteel_short,12,1,94.18791666666671,1.6735426299395217,4032.1098150516136,29,2.626,1
BBA,tearsofsteel_short,13,1,88.1089583333334,41.336691001752286,-3856.2046723364356,20,9.179,1
BBA,tearsofsteel_short,14,1,93.33270833333334,6.12398911400796,3169.834090110472,24,3.343,1
BBA,tearsofsteel_short,15,1,89.46375000000005,35.819406399490965,-2790.716028702263,28,14.77,1
BBA,tearsofsteel_short,16,1,94.89770833333336,3.6725926560433795,3705.342210039672,28,6.42,1
BBA,tearsofsteel_short,17,1,88.81854166666672,33.31498828944745,-2269.617751573907,18,9.007,1
BBA,tearsofsteel_short,18,1,88.1089583333334,41.51623245441354,-3890.6766312473956,20,9.179,1
BBA,tearsofsteel_short,19,1,94.68000000000005,2.4797183741346482,3906.6040721661498,30,3.03,1
Fugu,tearsofsteel_short,0,1,88.93416666666673,0.27663514122721194,3938.7760528843783,29,0.482,1
Fugu,tearsofsteel_short,1,1,81.99083333333337,0.15669662154517913,3414.7242486633277,28,0.301,1
Fugu,tearsofsteel_short,2,1,88.67187500000006,0.28451764817467146,3905.6726115504657,27,0.41,1
Fugu,tearsofsteel_short,3,1,89.06291666666671,0.33907608519882976,3967.0173916418266,24,0.651,1
Fugu,tearsofsteel_short,4,1,89.33375000000005,0.164007281836695,4157.280601887357,14,0.315,1
Fugu,tearsofsteel_short,5,1,84.90583333333336,0.0,3688.5300000000016,30,0.0,0
Fugu,tearsofsteel_short,6,1,82.31750000000004,0.9473122810667897,3356.826042035178,24,1.819,1
Fugu,tearsofsteel_short,7,1,86.5308333333334,0.37334403547202577,3689.0679451893743,28,0.717,1
Fugu,tearsofsteel_short,8,1,89.4627083333334,0.0,4232.100000000003,8,0.0,0
Fugu,tearsofsteel_short,9,1,87.95000000000003,1.8645123876269,3504.9236215756364,29,3.14,1
Fugu,tearsofsteel_short,10,1,84.77666666666671,0.5979180386739836,3636.469736574598,26,0.931,1
Fugu,tearsofsteel_short,11,1,91.0104166666667,0.17215796418983997,4254.755670875553,12,0.331,1
Fugu,tearsofsteel_short,12,1,95.34208333333338,0.0,4466.680000000002,29,0.0,0
Fugu,tearsofsteel_short,13,1,82.05520833333338,0.46831844089037095,3536.502859349051,23,0.899,1
Fugu,tearsofsteel_short,14,1,93.85604166666667,0.20661820109428936,4424.909305389896,7,0.281,1
Fugu,tearsofsteel_short,15,1,86.59541666666672,0.0,3744.8500000000026,28,0.0,0
Fugu,tearsofsteel_short,16,1,95.65333333333336,0.0,4495.790000000002,24,0.0,0
Fugu,tearsofsteel_short,17,1,84.19625000000005,0.5457505379243661,3668.565896718524,24,1.048,1
Fugu,tearsofsteel_short,18,1,81.92187500000004,0.6478598935516245,3445.6909004380905,27,1.244,1
Fugu,tearsofsteel_short,19,1,96.16270833333338,0.0,4565.560000000002,22,0.0,0
Proposed,sintel,0,0,87.20770833333337,0.45330847188636114,4006.784773397821,10,0.87,1
Proposed,sintel,1,0,81.20583333333333,0.5447983344906815,3625.468719777789,14,1.046,1
Proposed,sintel,2,0,87.83416666666669,0.4159329124459275,4044.0308808103823,10,0.799,1
Proposed,sintel,3,0,88.74354166666666,0.5520059043212011,4030.514866370329,14,1.06,1
Proposed,sintel,4,0,88.35958333333333,0.4197124167509565,4068.525215983817,10,0.806,1
Proposed,sintel,5,0,83.69145833333336,0.24534673605089152,3843.0134266782297,12,0.471,1
Proposed,sintel,6,0,81.20583333333333,1.335413994012292,3473.6705131496396,14,2.564,1
Proposed,sintel,7,0,83.81270833333336,0.0,3855.200000000001,15,0.0,0
Proposed,sintel,8,0,88.35958333333333,0.0,4149.110000000001,10,0.0,0
Proposed,sintel,9,0,85.25500000000005,3.1457920232735574,3370.6379315314794,12,5.211,1
Proposed,sintel,10,0,83.12562500000001,0.7231757070685761,3718.290264242834,14,1.388,1
Proposed,sintel,11,0,89.91562500000002,0.42609485547864684,4141.989787748101,10,0.818,1
Proposed,sintel,12,0,92.91645833333335,0.0,4439.26,5,0.0,0
Proposed,sintel,13,0,81.5897916666667,1.2707305175952524,3570.479740621713,9,1.729,1
Proposed,sintel,14,0,91.37291666666665,0.0,4308.79,12,0.0,0
Proposed,sintel,15,0,83.81270833333336,0.0,3855.200000000001,15,0.0,0
Proposed,sintel,16,0,92.49708333333335,0.0,4418.89,7,0.0,0
Proposed,sintel,17,0,83.12562500000001,0.7839943514826906,3706.6130845153243,14,1.505,1
Proposed,sintel,18,0,81.5897916666667,1.450271970256506,3536.007781710752,9,2.074,1
Proposed,sintel,19,0,92.91645833333335,0.0,4439.26,5,0.0,0
Proposed_Shielded,sintel,0,0,86.23770833333334,0.45330847188636114,3960.2247733978193,10,0.87,1
Proposed_Shielded,sintel,1,0,81.08458333333331,0.5447983344906815,3701.1287197777883,8,1.046,1
Proposed_Shielded,sintel,2,0,86.23770833333334,0.4159329124459275,3967.4008808103827,10,0.799,1
Proposed_Shielded,sintel,3,0,88.58187500000001,0.5520059043212011,4079.01486637033,8,1.06,1
Proposed_Shielded,sintel,4,0,88.19791666666664,0.4197124167509565,4060.765215983816,10,0.806,1
Proposed_Shielded,sintel,5,0,83.1458333333333,0.24534673605089152,3824.5834266782276,11,0.471,1
Proposed_Shielded,sintel,6,0,81.08458333333331,1.335413994012292,3549.330513149639,8,2.564,1
Proposed_Shielded,sintel,7,0,82.96395833333337,0.0,3880.4200000000014,10,0.0,0
Proposed_Shielded,sintel,8,0,87.61187499999998,0.0,4122.919999999999,10,0.0,0
Proposed_Shielded,sintel,9,0,85.08583333333338,1.0554277769851543,3766.047866818853,11,1.197,1
Proposed_Shielded,sintel,10,0,83.32770833333332,0.7231757070685761,3743.510264242833,12,1.388,1
Proposed_Shielded,sintel,11,0,89.430625,0.42609485547864684,4143.929787748099,8,0.818,1
Proposed_Shielded,sintel,12,0,92.78479166666666,0.0,4416.9400000000005,11,0.0,0
Proposed_Shielded,sintel,13,0,81.99395833333331,1.2707305175952524,3597.6397406217106,9,1.729,1
Proposed_Shielded,sintel,14,0,91.86520833333331,0.0,4373.159999999999,8,0.0,0
Proposed_Shielded,sintel,15,0,82.70125000000003,0.0,3867.8100000000013,10,0.0,0
Proposed_Shielded,sintel,16,0,92.27437500000003,0.0,4408.200000000002,6,0.0,0
Proposed_Shielded,sintel,17,0,82.64062499999999,0.7839943514826906,3698.853084515323,12,1.505,1
Proposed_Shielded,sintel,18,0,81.99395833333331,1.450271970256506,3563.1677817107498,9,2.074,1
Proposed_Shielded,sintel,19,0,92.96645833333336,0.0,4441.180000000001,9,0.0,0
Proposed_ShieldedQoE,sintel,0,0,87.39458333333333,0.45330847188636114,3832.914773397819,31,0.87,1
Proposed_ShieldedQoE,sintel,1,0,82.2364583333333,0.5447983344906815,3496.4587197777873,34,1.046,1
Proposed_ShieldedQoE,sintel,2,0,87.75833333333333,0.4159329124459275,3822.6308808103813,34,0.799,1
Proposed_ShieldedQoE,sintel,3,0,88.18020833333333,0.5520059043212011,3795.6548663703293,40,1.06,1
Proposed_ShieldedQoE,sintel,4,0,88.70562499999998,0.4197124167509565,3879.255215983816,35,0.806,1
Proposed_ShieldedQoE,sintel,5,0,84.94687499999999,0.24534673605089152,3757.5334266782284,30,0.471,1
Proposed_ShieldedQoE,sintel,6,0,82.39812499999998,1.335413994012292,3336.9005131496383,33,2.564,1
Proposed_ShieldedQoE,sintel,7,0,84.52,0.0,3700.9699999999993,37,0.0,0
Proposed_ShieldedQoE,sintel,8,0,88.70562499999998,0.0,3985.059999999999,37,0.0,0
Proposed_ShieldedQoE,sintel,9,0,87.06875000000001,0.43177950763374956,3758.59833453432,38,0.829,1
Proposed_ShieldedQoE,sintel,10,0,84.58312499999998,0.7231757070685761,3564.910264242832,33,1.388,1
Proposed_ShieldedQoE,sintel,11,0,89.77916666666668,0.42609485547864684,3907.9797877481005,36,0.818,1
Proposed_ShieldedQoE,sintel,12,0,92.89375,0.0,4329.17,24,0.0,0
Proposed_ShieldedQoE,sintel,13,0,83.08520833333331,1.2707305175952524,3442.4397406217104,31,1.729,1
Proposed_ShieldedQoE,sintel,14,0,92.85812499999999,0.0,4341.0599999999995,34,0.0,0
Proposed_ShieldedQoE,sintel,15,0,84.52,0.0,3700.9699999999993,37,0.0,0
Proposed_ShieldedQoE,sintel,16,0,93.22958333333334,0.0,4375.25,29,0.0,0
Proposed_ShieldedQoE,sintel,17,0,84.4214583333333,0.7839943514826906,3560.993084515322,33,1.505,1
Proposed_ShieldedQoE,sintel,18,0,83.08520833333331,1.450271970256506,3433.1877817107493,30,2.074,1
Proposed_ShieldedQoE,sintel,19,0,93.38374999999998,0.0,4373.549999999999,25,0.0,0
Proposed_ShieldedRiskGate,sintel,0,0,86.23770833333334,0.45330847188636114,3960.2247733978193,10,0.87,1
Proposed_ShieldedRiskGate,sintel,1,0,81.08458333333331,0.5447983344906815,3701.1287197777883,8,1.046,1
Proposed_ShieldedRiskGate,sintel,2,0,86.23770833333334,0.4159329124459275,3967.4008808103827,10,0.799,1
Proposed_ShieldedRiskGate,sintel,3,0,88.58187500000001,0.5520059043212011,4079.01486637033,8,1.06,1
Proposed_ShieldedRiskGate,sintel,4,0,88.19791666666664,0.4197124167509565,4060.765215983816,10,0.806,1
Proposed_ShieldedRiskGate,sintel,5,0,83.1458333333333,0.24534673605089152,3824.5834266782276,11,0.471,1
Proposed_ShieldedRiskGate,sintel,6,0,81.08458333333331,1.335413994012292,3549.330513149639,8,2.564,1
Proposed_ShieldedRiskGate,sintel,7,0,82.96395833333337,0.0,3880.4200000000014,10,0.0,0
Proposed_ShieldedRiskGate,sintel,8,0,87.61187499999998,0.0,4122.919999999999,10,0.0,0
Proposed_ShieldedRiskGate,sintel,9,0,85.08583333333338,1.0554277769851543,3766.047866818853,11,1.197,1
Proposed_ShieldedRiskGate,sintel,10,0,83.32770833333332,0.7231757070685761,3743.510264242833,12,1.388,1
Proposed_ShieldedRiskGate,sintel,11,0,89.430625,0.42609485547864684,4143.929787748099,8,0.818,1
Proposed_ShieldedRiskGate,sintel,12,0,92.78479166666666,0.0,4416.9400000000005,11,0.0,0
Proposed_ShieldedRiskGate,sintel,13,0,81.99395833333331,1.2707305175952524,3597.6397406217106,9,1.729,1
Proposed_ShieldedRiskGate,sintel,14,0,91.86520833333331,0.0,4373.159999999999,8,0.0,0
Proposed_ShieldedRiskGate,sintel,15,0,82.70125000000003,0.0,3867.8100000000013,10,0.0,0
Proposed_ShieldedRiskGate,sintel,16,0,92.27437500000003,0.0,4408.200000000002,6,0.0,0
Proposed_ShieldedRiskGate,sintel,17,0,82.64062499999999,0.7839943514826906,3698.853084515323,12,1.505,1
Proposed_ShieldedRiskGate,sintel,18,0,81.99395833333331,1.450271970256506,3563.1677817107498,9,2.074,1
Proposed_ShieldedRiskGate,sintel,19,0,92.96645833333336,0.0,4441.180000000001,9,0.0,0
Ablation_Base,sintel,0,0,86.7075,0.45330847188636114,3997.8147733978185,12,0.87,1
Ablation_Base,sintel,1,0,81.65041666666664,0.5447983344906815,3675.908719777788,11,1.046,1
Ablation_Base,sintel,2,0,86.7075,0.4159329124459275,4004.990880810382,12,0.799,1
Ablation_Base,sintel,3,0,87.62208333333331,0.5520059043212011,4007.224866370328,14,1.06,1
Ablation_Base,sintel,4,0,87.43499999999999,0.4197124167509565,4047.185215983816,9,0.806,1
Ablation_Base,sintel,5,0,84.6639583333333,0.24534673605089152,3912.7334266782273,10,0.471,1
Ablation_Base,sintel,6,0,81.65041666666664,1.335413994012292,3524.110513149639,11,2.564,1
Ablation_Base,sintel,7,0,83.61062499999998,0.0,3843.559999999999,14,0.0,0
Ablation_Base,sintel,8,0,87.69770833333331,0.0,4165.359999999999,9,0.0,0
Ablation_Base,sintel,9,0,85.65916666666669,4.228508731478963,3179.9763235560404,14,7.29,1
Ablation_Base,sintel,10,0,83.67124999999997,0.7231757070685761,3717.3202642428323,15,1.388,1
Ablation_Base,sintel,11,0,88.75875,0.42609485547864684,4091.5397877480996,14,0.818,1
Ablation_Base,sintel,12,0,92.24729166666664,0.0,4382.479999999999,25,0.0,0
Ablation_Base,sintel,13,0,82.13791666666665,1.2707305175952524,3544.169740621711,15,1.729,1
Ablation_Base,sintel,14,0,90.78354166666666,0.0,4322.4,12,0.0,0
Ablation_Base,sintel,15,0,83.71166666666663,0.0,3848.4099999999985,15,0.0,0
Ablation_Base,sintel,16,0,92.63270833333331,0.0,4398.399999999999,23,0.0,0
Ablation_Base,sintel,17,0,83.67124999999997,0.7839943514826906,3705.6430845153222,15,1.505,1
Ablation_Base,sintel,18,0,82.13791666666665,1.450271970256506,3509.69778171075,15,2.074,1
Ablation_Base,sintel,19,0,92.44562499999999,0.0,4389.419999999999,22,0.0,0
Ablation_Future,sintel,0,0,88.06124999999999,0.45330847188636114,3996.4747733978184,21,0.87,1
Ablation_Future,sintel,1,0,82.82749999999997,0.5447983344906815,3650.6887197777874,18,1.046,1
Ablation_Future,sintel,2,0,87.73791666666669,0.4159329124459275,3922.170880810382,26,0.799,1
Ablation_Future,sintel,3,0,88.62708333333332,0.5520059043212011,3988.6848663703286,24,1.06,1
Ablation_Future,sintel,4,0,89.10708333333332,0.4197124167509565,3990.805215983816,25,0.806,1
Ablation_Future,sintel,5,0,85.28520833333332,0.24534673605089152,3837.193426678228,23,0.471,1
Ablation_Future,sintel,6,0,83.09020833333331,1.335413994012292,3536.7205131496385,16,2.564,1
Ablation_Future,sintel,7,0,85.27770833333334,0.0,3793.2400000000002,29,0.0,0
Ablation_Future,sintel,8,0,88.94541666666665,0.0,4079.149999999999,24,0.0,0
Ablation_Future,sintel,9,0,86.46729166666667,2.0277933719092545,3549.8836725934234,20,3.064,1
Ablation_Future,sintel,10,0,85.31562499999998,0.7231757070685761,3762.7902642428326,20,1.388,1
Ablation_Future,sintel,11,0,89.1295833333333,0.42609485547864684,4077.9597877480983,16,0.818,1
Ablation_Future,sintel,12,0,93.53250000000001,0.0,4386.7300000000005,19,0.0,0
Ablation_Future,sintel,13,0,82.99416666666666,1.2707305175952524,3559.809740621711,17,1.729,1
Ablation_Future,sintel,14,0,92.27479166666664,0.0,4329.5999999999985,19,0.0,0
Ablation_Future,sintel,15,0,85.18166666666667,0.0,3829.13,26,0.0,0
Ablation_Future,sintel,16,0,93.78958333333328,0.0,4443.289999999998,13,0.0,0
Ablation_Future,sintel,17,0,85.11604166666665,0.7839943514826906,3710.253084515323,24,1.505,1
Ablation_Future,sintel,18,0,82.99416666666666,1.450271970256506,3525.3377817107503,17,2.074,1
Ablation_Future,sintel,19,0,94.28583333333334,0.0,4482.63,12,0.0,0
Ablation_Lyap,sintel,0,0,86.12395833333333,0.45330847188636114,3952.1047733978185,14,0.87,1
Ablation_Lyap,sintel,1,0,81.65041666666664,0.5447983344906815,3625.468719777788,15,1.046,1
Ablation_Lyap,sintel,2,0,86.12395833333333,0.4159329124459275,3959.280880810382,14,0.799,1
Ablation_Lyap,sintel,3,0,87.7633333333333,0.5520059043212011,4039.244866370328,11,1.06,1
Ablation_Lyap,sintel,4,0,87.37937499999998,0.4197124167509565,4069.495215983816,9,0.806,1
Ablation_Lyap,sintel,5,0,84.14104166666665,0.24534673605089152,3837.1934266782278,15,0.471,1
Ablation_Lyap,sintel,6,0,81.65041666666664,1.335413994012292,3473.6705131496387,15,2.564,1
Ablation_Lyap,sintel,7,0,83.61062499999998,0.0,3843.559999999999,14,0.0,0
Ablation_Lyap,sintel,8,0,87.54104166666663,0.0,4157.839999999998,9,0.0,0
Ablation_Lyap,sintel,9,0,85.60604166666668,0.43177950763374956,3906.158334534321,16,0.829,1
Ablation_Lyap,sintel,10,0,82.98416666666665,0.7231757070685761,3659.120264242833,17,1.388,1
Ablation_Lyap,sintel,11,0,88.25583333333333,0.42609485547864684,4069.3597877480993,15,0.818,1
Ablation_Lyap,sintel,12,0,92.16437499999999,0.0,4378.98,20,0.0,0
Ablation_Lyap,sintel,13,0,81.87520833333333,1.2707305175952524,3506.3397406217114,16,1.729,1
Ablation_Lyap,sintel,14,0,90.28104166666667,0.0,4257.54,15,0.0,0
Ablation_Lyap,sintel,15,0,83.8733333333333,0.0,3881.3899999999985,12,0.0,0
Ablation_Lyap,sintel,16,0,92.36270833333329,0.0,4395.759999999998,15,0.0,0
Ablation_Lyap,sintel,17,0,82.98416666666665,0.7839943514826906,3647.443084515323,17,1.505,1
Ablation_Lyap,sintel,18,0,81.87520833333333,1.450271970256506,3471.8677817107505,16,2.074,1
Ablation_Lyap,sintel,19,0,92.15020833333331,0.0,4362.159999999999,18,0.0,0
Pensieve,sintel,0,0,86.64187500000001,0.45330847188636114,3977.684773397819,9,0.87,1
Pensieve,sintel,1,0,81.38770833333332,0.5447983344906815,3612.8587197777883,15,1.046,1
Pensieve,sintel,2,0,86.64187500000001,0.4159329124459275,3984.8608808103822,9,0.799,1
Pensieve,sintel,3,0,87.75333333333334,0.5520059043212011,4031.48486637033,9,1.06,1
Pensieve,sintel,4,0,87.005625,0.4197124167509565,4026.815215983816,7,0.806,1
Pensieve,sintel,5,0,84.39874999999998,0.24534673605089152,3875.0234266782277,11,0.471,1
Pensieve,sintel,6,0,81.38770833333332,1.335413994012292,3461.060513149639,15,2.564,1
Pensieve,sintel,7,0,83.61062499999997,0.0,3843.5599999999986,14,0.0,0
Pensieve,sintel,8,0,87.005625,0.0,4107.4,7,0.0,0
Pensieve,sintel,9,0,85.22729166666672,1.982753772025413,3600.6112757711226,10,2.978,1
Pensieve,sintel,10,0,83.77229166666663,0.7231757070685761,3722.1702642428318,15,1.388,1
Pensieve,sintel,11,0,88.56166666666667,0.42609485547864684,4094.4597877480996,9,0.818,1
Pensieve,sintel,12,0,91.67375,0.0,4364.45,4,0.0,0
Pensieve,sintel,13,0,82.13541666666666,1.2707305175952524,3519.069740621711,15,1.729,1
Pensieve,sintel,14,0,90.11770833333337,0.0,4272.300000000001,5,0.0,0
Pensieve,sintel,15,0,83.4489583333333,0.0,3810.579999999998,16,0.0,0
Pensieve,sintel,16,0,91.83541666666667,0.0,4387.7300000000005,2,0.0,0
Pensieve,sintel,17,0,83.77229166666663,0.7839943514826906,3710.4930845153217,15,1.505,1
Pensieve,sintel,18,0,82.13541666666666,1.450271970256506,3484.59778171075,15,2.074,1
Pensieve,sintel,19,0,92.15875000000001,0.0,4403.250000000001,2,0.0,0
RobustMPC,sintel,0,0,89.8547916666667,7.070209841798531,2853.099710374684,13,7.01,1
RobustMPC,sintel,1,0,84.82312499999999,7.442372930830876,2477.6743972804716,15,6.929,1
RobustMPC,sintel,2,0,89.8547916666667,7.032834282358097,2860.2758177872474,13,7.01,1
RobustMPC,sintel,3,0,91.18104166666666,5.514252329305388,3184.703552773365,16,3.578,1
RobustMPC,sintel,4,0,90.57479166666666,0.8348392882121926,4135.5308566632575,9,0.806,1
RobustMPC,sintel,5,0,86.83895833333332,4.539022125881981,3141.687751830659,20,4.434,1
RobustMPC,sintel,6,0,84.56041666666665,5.977806749747011,2758.871104048573,14,8.0,1
RobustMPC,sintel,7,0,87.92999999999999,10.854860239899661,1968.0968339392641,19,7.403,1
RobustMPC,sintel,8,0,90.83749999999998,2.2339939012266203,3892.113170964488,8,3.492,1
RobustMPC,sintel,9,0,89.59500000000003,16.85898235926495,871.8053870211315,21,12.674,1
RobustMPC,sintel,10,0,86.54333333333331,4.386449889815946,3138.0116211553373,20,2.782,1
RobustMPC,sintel,11,0,91.83833333333331,0.8253061213756099,4139.311224695882,17,0.818,1
RobustMPC,sintel,12,0,95.32875,5.329285099205797,3517.5772609524865,21,7.237,1
RobustMPC,sintel,13,0,84.78270833333335,3.357001356572654,3288.2557395380513,12,1.729,1
RobustMPC,sintel,14,0,93.63208333333331,2.266957972978057,3988.1740691882123,17,2.696,1
RobustMPC,sintel,15,0,87.92999999999999,10.960845512859974,1947.7476615308844,19,7.403,1
RobustMPC,sintel,16,0,95.50562499999997,3.838031331658641,3813.6579843215395,14,3.31,1
RobustMPC,sintel,17,0,86.54333333333331,4.447268534230061,3126.334441427827,20,2.782,1
RobustMPC,sintel,18,0,84.78270833333335,3.5365428092339077,3253.7837806270904,12,2.074,1
RobustMPC,sintel,19,0,95.68624999999999,3.994449138695348,3805.6857653704924,17,2.557,1
Genie,sintel,0,0,90.38041666666665,0.45330847188636114,4199.8147733978185,5,0.87,1
Genie,sintel,1,0,83.81270833333328,0.5447983344906815,3872.818719777786,4,1.046,1
Genie,sintel,2,0,90.38041666666665,0.4159329124459275,4206.990880810381,5,0.799,1
Genie,sintel,3,0,90.94625,0.5520059043212011,4223.544866370329,4,1.06,1
Genie,sintel,4,0,90.94624999999998,0.4197124167509565,4233.425215983816,6,0.806,1
Genie,sintel,5,0,87.16729166666669,0.24534673605089152,4075.8134266782295,6,0.471,1
Genie,sintel,6,0,83.81270833333328,1.335413994012292,3721.020513149637,4,2.564,1
Genie,sintel,7,0,87.08645833333331,0.0,4159.779999999999,2,0.0,0
Genie,sintel,8,0,90.89062500000001,0.0,4311.220000000001,7,0.0,0
Genie,sintel,9,0,90.36020833333329,0.43177950763374956,4177.758334534318,7,0.829,1
Genie,sintel,10,0,86.74291666666664,0.7231757070685761,3963.700264242832,6,1.388,1
Genie,sintel,11,0,92.56291666666665,0.42609485547864684,4325.319787748099,4,0.818,1
Genie,sintel,12,0,95.33562499999998,0.0,4548.339999999998,9,0.0,0
Genie,sintel,13,0,84.41895833333334,1.2707305175952524,3747.0197406217117,6,1.729,1
Genie,sintel,14,0,94.85645833333338,0.0,4499.140000000002,9,0.0,0
Genie,sintel,15,0,87.08645833333331,0.0,4159.779999999999,2,0.0,0
Genie,sintel,16,0,95.5077083333333,0.0,4560.339999999998,6,0.0,0
Genie,sintel,17,0,86.74291666666664,0.7839943514826906,3952.0230845153224,6,1.505,1
Genie,sintel,18,0,84.41895833333334,1.450271970256506,3712.5477817107508,6,2.074,1
Genie,sintel,19,0,95.58666666666664,0.0,4572.999999999999,9,0.0,0
BBA,sintel,0,0,91.25187499999997,25.517272570023124,-729.2363334444422,31,16.889,1
BBA,sintel,1,0,88.95062499999999,42.06753482711736,-3944.586686806535,18,7.369,1
BBA,sintel,2,0,91.25187499999997,25.479897010582693,-722.0602260318788,31,16.889,1
BBA,sintel,3,0,91.41104166666666,15.500952662335251,1194.0170888316316,30,5.726,1
BBA,sintel,4,0,91.22895833333331,17.08820440001951,890.2447551962533,29,9.323,1
BBA,sintel,5,0,90.08979166666664,31.891503109562773,-1951.8685970360534,21,9.511,1
BBA,sintel,6,0,88.95062499999999,42.858150486638976,-4096.384893434684,18,7.369,1
BBA,sintel,7,0,90.41812499999999,39.76982426131417,-3534.946258172321,33,17.48,1
BBA,sintel,8,0,91.22895833333331,16.468478761316955,1009.2320778271438,29,9.168,1
BBA,sintel,9,0,91.55729166666664,29.704154945475754,-1493.4577495313447,32,15.196,1
BBA,sintel,10,0,89.45062499999996,38.42739507385536,-3199.119854180231,16,9.834,1
BBA,sintel,11,0,91.42854166666666,15.967346115321638,1111.5095458582455,33,7.158,1
BBA,sintel,12,0,94.31229166666664,2.691669820101698,3911.3993945404727,28,1.923,1
BBA,sintel,13,0,88.95062499999996,42.04570775465641,-3932.635888894033,18,9.789,1
BBA,sintel,14,0,93.203125,5.731113248444796,3232.1262562985994,27,3.263,1
BBA,sintel,15,0,90.41812499999999,39.875809534274474,-3555.2954305806998,33,17.48,1
BBA,sintel,16,0,94.25604166666663,7.4291861348824,2964.7562621025772,28,10.597,1
BBA,sintel,17,0,89.45062499999996,38.48821371826948,-3210.7970339077415,16,9.834,1
BBA,sintel,18,0,88.95062499999996,42.22524920731765,-3967.107847804992,18,9.789,1
BBA,sintel,19,0,94.60104166666663,2.954282869155021,3873.9776891222346,27,3.372,1
Fugu,sintel,0,0,90.70875000000001,0.5693370752741768,4004.8772815473585,20,0.87,1
Fugu,sintel,1,0,84.56041666666664,0.9551201721630357,3581.6069269446957,25,1.046,1
Fugu,sintel,2,0,90.71375,0.5319615158337431,3996.0533889599214,28,0.799,1
Fugu,sintel,3,0,90.74666666666666,0.61200656473933,3994.6247395700475,26,1.06,1
Fugu,sintel,4,0,90.88562499999999,0.5386922011491136,4176.63109737937,10,0.806,1
Fugu,sintel,5,0,86.70999999999998,0.24534673605089152,3818.403426678228,31,0.471,1
Fugu,sintel,6,0,84.3002083333333,1.335413994012292,3455.240513149638,28,2.564,1
Fugu,sintel,7,0,88.46562499999999,0.0,3909.2799999999993,31,0.0,0
Fugu,sintel,8,0,90.72395833333331,0.0,4256.779999999999,12,0.0,0
Fugu,sintel,9,0,90.289375,0.5272282459666345,3889.5321767744063,32,0.829,1
Fugu,sintel,10,0,86.28562499999998,0.7231757070685761,3737.5702642428323,24,1.388,1
Fugu,sintel,11,0,92.1864583333333,0.6003879615124216,4211.465511389614,14,0.818,1
Fugu,sintel,12,0,95.13791666666667,0.0,4523.74,26,0.0,0
Fugu,sintel,13,0,84.35833333333332,1.2707305175952524,3586.969740621711,19,1.729,1
Fugu,sintel,14,0,93.73604166666662,0.0,4445.479999999998,7,0.0,0
Fugu,sintel,15,0,88.46562499999999,0.0,3924.7999999999993,29,0.0,0
Fugu,sintel,16,0,95.26062499999995,0.0,4509.839999999997,26,0.0,0
Fugu,sintel,17,0,86.283125,0.7839943514826906,3726.0130845153235,24,1.505,1
Fugu,sintel,18,0,84.580625,1.450271970256506,3537.9477817107504,20,2.074,1
Fugu,sintel,19,0,95.31791666666663,0.0,4548.199999999999,21,0.0,0
