Method,Video,Episode,VMAF,Rebuffer,QoE,Switch
Proposed,bigbuckbunny,0,83.86770833333334,35.154493433074435,3752.626490433989,3
Proposed,bigbuckbunny,1,87.3104166666667,0.2088337010759235,4160.480157175739,42
Proposed,bigbuckbunny,2,86.07104166666666,5.947916666666661,4072.117,19
Proposed,bigbuckbunny,3,83.86770833333334,16.5072793504814,3895.8370945883034,3
Proposed,bigbuckbunny,4,87.17270833333338,0.9907797246816502,4150.508811714446,38
Proposed,bigbuckbunny,5,83.86770833333334,23.42881944444445,3842.6796666666673,3
Proposed,bigbuckbunny,6,83.86770833333334,16.5072793504814,3895.8370945883034,3
Proposed,bigbuckbunny,7,85.10708333333336,5.058616406032742,4031.35482600167,21
Proposed,bigbuckbunny,8,86.07104166666666,5.947916666666661,4072.117,19
Proposed,bigbuckbunny,9,87.17270833333335,0.46261687431921145,4152.582102405229,41
Proposed,bigbuckbunny,10,87.58583333333337,0.0,4176.626000000002,40
Proposed,bigbuckbunny,11,84.41854166666668,1.9547534927615215,4028.752493175593,11
Proposed,bigbuckbunny,12,83.86770833333334,35.154493433074435,3752.626490433989,3
Proposed,bigbuckbunny,13,83.86770833333334,8.741765583287982,3955.476240320349,3
Proposed,bigbuckbunny,14,84.00541666666668,15.436094616397114,3909.3517933460707,5
Proposed,bigbuckbunny,15,83.86770833333334,33.72789580197208,3763.582760240855,3
Proposed,bigbuckbunny,16,87.03500000000003,0.8942748011905292,4147.283969526858,34
Proposed,bigbuckbunny,17,87.03500000000003,0.8942748011905292,4147.283969526858,34
Proposed,bigbuckbunny,18,84.69395833333336,1.693070023148148,4041.3382222222235,15
Proposed,bigbuckbunny,19,85.24479166666669,11.259082973507816,3989.023242763461,23
Pensieve,bigbuckbunny,0,83.73,30.297576075928163,3784.639615736872,1
Pensieve,bigbuckbunny,1,83.73,0.3604570236892616,4014.5566900580666,1
Pensieve,bigbuckbunny,2,83.73,21.918402777777782,3848.991666666667,1
Pensieve,bigbuckbunny,3,83.73,32.224467469467946,3769.8410898344864,1
Pensieve,bigbuckbunny,4,83.73,1.220703125,4007.9500000000003,1
Pensieve,bigbuckbunny,5,83.73,0.315143022847702,4014.90470158453,1
Pensieve,bigbuckbunny,6,83.73,1.220703125,4007.9500000000003,1
Pensieve,bigbuckbunny,7,83.73,3.1084357093734,3993.4522137520125,1
Pensieve,bigbuckbunny,8,83.73,32.224467469467946,3769.8410898344864,1
Pensieve,bigbuckbunny,9,83.73,15.699242034646835,3896.7548211739127,1
Pensieve,bigbuckbunny,10,83.73,0.46261687431921145,4013.772102405229,1
Pensieve,bigbuckbunny,11,83.73,0.9192837287940647,4010.2649009628617,1
Pensieve,bigbuckbunny,12,83.73,30.297576075928163,3784.639615736872,1
Pensieve,bigbuckbunny,13,83.73,1.232829999221841,4007.8568656059765,1
Pensieve,bigbuckbunny,14,83.73,4.16666666666666,3985.3250000000003,1
Pensieve,bigbuckbunny,15,83.73,0.9907797246816502,4009.7158117144454,1
Pensieve,bigbuckbunny,16,83.73,12.709706175245431,3919.7144565741155,1
Pensieve,bigbuckbunny,17,83.73,0.9192837287940647,4010.2649009628617,1
Pensieve,bigbuckbunny,18,83.73,0.25732730105751056,4015.3487263278785,1
Pensieve,bigbuckbunny,19,83.73,0.04340277777777786,4016.991666666667,1
RobustMPC,bigbuckbunny,0,93.70145833333332,0.16801540274395582,4490.074641706925,9
RobustMPC,bigbuckbunny,1,93.70145833333332,0.16801540274395582,4490.074641706925,9
RobustMPC,bigbuckbunny,2,83.59979166666668,19.846403222592855,3840.4326232504873,16
RobustMPC,bigbuckbunny,3,81.83562500000001,8.546516119387938,3834.889756203101,21
RobustMPC,bigbuckbunny,4,85.4122916666667,6.377702000441736,4034.3022486366094,17
RobustMPC,bigbuckbunny,5,90.22041666666672,14.928242507998041,4206.227097538578,18
RobustMPC,bigbuckbunny,6,81.090625,12.038624802947423,3776.0323615133643,17
RobustMPC,bigbuckbunny,7,88.90916666666664,3.1077247405372392,4219.951673992673,25
RobustMPC,bigbuckbunny,8,87.19979166666663,13.380974037510818,4057.841119391915,20
RobustMPC,bigbuckbunny,9,88.90916666666665,1.2730273199023168,4240.38715018315,22
RobustMPC,bigbuckbunny,10,91.20749999999998,6.788504464285714,4320.111285714285,7
RobustMPC,bigbuckbunny,11,90.29479166666668,17.77068485871663,4187.478140285057,21
RobustMPC,bigbuckbunny,12,87.09083333333335,1.6438802083333326,4159.410000000001,10
RobustMPC,bigbuckbunny,13,90.29479166666668,17.77068485871663,4187.478140285057,21
RobustMPC,bigbuckbunny,14,77.79375,5.031694790955782,3658.1195840054597,22
RobustMPC,bigbuckbunny,15,88.90916666666665,1.2730273199023168,4240.38715018315,22
RobustMPC,bigbuckbunny,16,94.46874999999993,5.843672994871336,4482.757591399384,16
RobustMPC,bigbuckbunny,17,85.43833333333335,1.6256882577846212,4079.568714180215,11
RobustMPC,bigbuckbunny,18,85.30062500000001,0.18880208333333337,4082.011000000001,15
RobustMPC,bigbuckbunny,19,90.29479166666668,17.77068485871663,4187.478140285057,21
Genie,bigbuckbunny,0,75.21083333333331,0.1327310781681158,3585.8766253196677,14
Genie,bigbuckbunny,1,91.41375000000001,0.05792204034391693,4379.7191587301595,11
Genie,bigbuckbunny,2,73.36854166666664,0.8854166666666669,3465.154999999999,29
Genie,bigbuckbunny,3,87.09083333333336,0.17578125000000006,4168.702000000001,14
Genie,bigbuckbunny,4,91.05416666666669,0.004062695261322635,4357.884798500394,24
Genie,bigbuckbunny,5,76.66541666666664,0.29104349634356425,3646.0547859480803,23
Genie,bigbuckbunny,6,93.373125,0.0,4470.162,21
Genie,bigbuckbunny,7,91.09541666666667,0.08726279570194645,4358.86682172901,29
Genie,bigbuckbunny,8,73.36854166666664,0.8854166666666669,3465.154999999999,29
Genie,bigbuckbunny,9,76.66541666666664,0.29104349634356425,3646.0547859480803,23
Genie,bigbuckbunny,10,91.41375000000001,0.05792204034391693,4379.7191587301595,11
Genie,bigbuckbunny,11,74.00124999999998,0.8109006365763199,3522.6082831110925,15
Genie,bigbuckbunny,12,85.69375000000002,0.029064023402213906,4086.2747883002717,25
Genie,bigbuckbunny,13,74.00124999999998,0.8109006365763199,3522.6082831110925,15
Genie,bigbuckbunny,14,94.3708333333333,0.0,4518.932999999998,28
Genie,bigbuckbunny,15,76.66541666666664,0.29104349634356425,3646.0547859480803,23
Genie,bigbuckbunny,16,85.43833333333338,0.1806319996887365,4084.056746242392,22
Genie,bigbuckbunny,17,75.21083333333331,0.1327310781681158,3585.8766253196677,14
Genie,bigbuckbunny,18,80.81958333333331,0.11689259692932649,3856.790264855582,20
Genie,bigbuckbunny,19,87.79520833333332,0.0,4202.621999999999,13
BBA,bigbuckbunny,0,87.36791666666666,5.085117942788441,4140.839294199385,20
BBA,bigbuckbunny,1,85.43833333333335,0.901370204574708,4072.572476828867,31
BBA,bigbuckbunny,2,92.47708333333331,4.664676335980446,4380.170285739669,33
BBA,bigbuckbunny,3,84.61208333333336,25.03888998759268,3858.1123248952895,15
BBA,bigbuckbunny,4,85.5760416666667,0.29043692129629717,4083.2134444444455,32
BBA,bigbuckbunny,5,93.7370833333333,7.613898170655641,4430.203262049363,25
BBA,bigbuckbunny,6,83.37270833333335,30.183549794562175,3768.365337577763,1
BBA,bigbuckbunny,7,83.51041666666669,29.6370546068042,3777.850420619745,3
BBA,bigbuckbunny,8,86.54000000000003,14.864677084588537,4014.909279990362,36
BBA,bigbuckbunny,9,84.61208333333336,25.03888998759268,3858.1123248952895,15
BBA,bigbuckbunny,10,90.29020833333334,0.6005179241140173,4312.989022342805,31
BBA,bigbuckbunny,11,90.03145833333332,21.497797514213325,4151.991915090841,12
BBA,bigbuckbunny,12,90.29020833333334,0.6005179241140173,4312.989022342805,31
BBA,bigbuckbunny,13,90.29020833333334,0.6005179241140173,4312.989022342805,31
BBA,bigbuckbunny,14,86.4022916666667,8.816096358628089,4060.701379965738,27
BBA,bigbuckbunny,15,93.7370833333333,7.613898170655641,4430.203262049363,25
BBA,bigbuckbunny,16,90.28895833333335,6.321922219673004,4266.340637352912,28
BBA,bigbuckbunny,17,90.03145833333332,21.497797514213325,4151.991915090841,12
BBA,bigbuckbunny,18,83.51041666666669,29.6370546068042,3777.850420619745,3
BBA,bigbuckbunny,19,93.7370833333333,7.613898170655641,4430.203262049363,25
Proposed,crowd_run,0,24.3625,106.75424858452625,343.7353708708386,5
Proposed,crowd_run,1,24.75,0.6466339217214778,1180.961851481179,1
Proposed,crowd_run,2,23.781250000000004,34.82986111111111,862.6346666666669,11
Proposed,crowd_run,3,24.168750000000003,80.1419757877803,536.9576259498474,7
Proposed,crowd_run,4,23.781250000000004,2.6706198932347824,1109.617639219957,11
Proposed,crowd_run,5,24.75,94.13194444444434,462.9946666666675,1
Proposed,crowd_run,6,24.168750000000003,80.1419757877803,536.9576259498474,7
Proposed,crowd_run,7,24.556250000000002,37.73703760202052,884.9475512164825,3
Proposed,crowd_run,8,23.781250000000004,34.82986111111111,862.6346666666669,11
Proposed,crowd_run,9,24.3625,1.0526869989107381,1155.5233638483658,5
Proposed,crowd_run,10,24.75,0.18055555555555558,1184.5413333333333,1
Proposed,crowd_run,11,24.75,35.91854426727441,910.0735800273325,1
Proposed,crowd_run,12,24.3625,106.75424858452625,343.7353708708386,5
Proposed,crowd_run,13,24.75,67.04229576245302,671.0431685443608,1
Proposed,crowd_run,14,24.556250000000002,76.53833809561878,586.9535634256478,3
Proposed,crowd_run,15,24.75,110.21092997580612,339.508057785809,1
Proposed,crowd_run,16,23.587500000000006,2.1423943716126144,1102.5144112260155,13
Proposed,crowd_run,17,23.587500000000006,2.1423943716126144,1102.5144112260155,13
Proposed,crowd_run,18,24.75,35.77050264550264,911.2105396825397,1
Proposed,crowd_run,19,24.75,59.15653349388895,731.6058227669329,1
Pensieve,crowd_run,0,15.450000000000008,30.297576075928163,507.77261573687207,1
Pensieve,crowd_run,1,15.450000000000008,0.3604570236892616,737.6896900580667,1
Pensieve,crowd_run,2,15.450000000000008,21.918402777777782,572.1246666666669,1
Pensieve,crowd_run,3,15.450000000000008,32.224467469467946,492.97408983448656,1
Pensieve,crowd_run,4,15.450000000000008,1.220703125,731.0830000000003,1
Pensieve,crowd_run,5,15.450000000000008,0.315143022847702,738.0377015845299,1
Pensieve,crowd_run,6,15.450000000000008,1.220703125,731.0830000000003,1
Pensieve,crowd_run,7,15.450000000000008,3.1084357093734,716.5852137520126,1
Pensieve,crowd_run,8,15.450000000000008,32.224467469467946,492.97408983448656,1
Pensieve,crowd_run,9,15.450000000000008,15.699242034646835,619.8878211739126,1
Pensieve,crowd_run,10,15.450000000000008,0.46261687431921145,736.9051024052287,1
Pensieve,crowd_run,11,15.450000000000008,0.9192837287940647,733.3979009628619,1
Pensieve,crowd_run,12,15.450000000000008,30.297576075928163,507.77261573687207,1
Pensieve,crowd_run,13,15.450000000000008,1.232829999221841,730.9898656059765,1
Pensieve,crowd_run,14,15.450000000000008,4.16666666666666,708.4580000000003,1
Pensieve,crowd_run,15,15.450000000000008,0.9907797246816502,732.8488117144452,1
Pensieve,crowd_run,16,15.450000000000008,12.709706175245431,642.8474565741154,1
Pensieve,crowd_run,17,15.450000000000008,0.9192837287940647,733.3979009628619,1
Pensieve,crowd_run,18,15.450000000000008,0.25732730105751056,738.4817263278786,1
Pensieve,crowd_run,19,15.450000000000008,0.04340277777777786,740.1246666666669,1
RobustMPC,crowd_run,0,31.344583333333336,2.36521290230255,1466.6941649103167,19
RobustMPC,crowd_run,1,31.344583333333336,2.36521290230255,1466.6941649103167,19
RobustMPC,crowd_run,2,17.676666666666666,18.974472419021428,681.3180518219153,18
RobustMPC,crowd_run,3,14.709166666666668,6.961540206781108,630.2893712119212,21
RobustMPC,crowd_run,4,18.61125000000001,6.377702000441736,827.4892486366078,17
RobustMPC,crowd_run,5,31.308958333333347,12.690607708545867,1384.6791327983685,17
RobustMPC,crowd_run,6,14.233333333333334,9.007842633251078,595.8777685766318,17
RobustMPC,crowd_run,7,23.906875000000003,1.5833333333333335,1100.701,39
RobustMPC,crowd_run,8,29.545625,7.587963284822645,1331.1064419725622,21
RobustMPC,crowd_run,9,23.906875000000003,0.5416666666666667,1113.269,35
RobustMPC,crowd_run,10,31.26416666666667,6.788504464285714,1439.7002857142859,7
RobustMPC,crowd_run,11,29.980000000000008,17.269734506618583,1274.9044389891699,21
RobustMPC,crowd_run,12,20.443333333333346,1.636067708333332,958.2730000000006,10
RobustMPC,crowd_run,13,29.980000000000008,17.269734506618583,1274.9044389891699,21
RobustMPC,crowd_run,14,11.361249999999991,5.031694790955782,481.99658400545917,21
RobustMPC,crowd_run,15,23.906875000000003,0.5416666666666667,1113.269,35
RobustMPC,crowd_run,16,34.91020833333334,3.6513228650188245,1623.8688403966557,19
RobustMPC,crowd_run,17,18.118333333333343,1.6256882577846212,845.8227141802146,11
RobustMPC,crowd_run,18,17.924583333333345,0.18880208333333337,844.7680000000005,15
RobustMPC,crowd_run,19,29.980000000000008,17.269734506618583,1274.9044389891699,21
Genie,crowd_run,0,9.925624999999988,0.1327310781681158,443.5126253196683,24
Genie,crowd_run,1,30.04291666666667,0.03689236111110948,1425.918666666667,12
Genie,crowd_run,2,8.55041666666666,0.8854166666666669,370.50199999999967,29
Genie,crowd_run,3,20.443333333333342,0.17578125000000006,966.6980000000004,14
Genie,crowd_run,4,30.981250000000006,0.004062695261322635,1458.1657985003933,24
Genie,crowd_run,5,11.20374999999999,0.29104349634356425,498.228785948081,24
Genie,crowd_run,6,33.562708333333326,0.0,1563.5989999999997,31
Genie,crowd_run,7,30.980208333333348,0.08726279570194645,1447.6728217290097,27
Genie,crowd_run,8,8.55041666666666,0.8854166666666669,370.50199999999967,29
Genie,crowd_run,9,11.20374999999999,0.29104349634356425,498.228785948081,24
Genie,crowd_run,10,30.04291666666667,0.03689236111110948,1425.918666666667,12
Genie,crowd_run,11,8.937916666666656,0.6646088827783794,401.9238037802615,18
Genie,crowd_run,12,19.498333333333346,0.02379850624204538,893.4552274720616,36
Genie,crowd_run,13,8.937916666666656,0.6646088827783794,401.9238037802615,18
Genie,crowd_run,14,34.569375000000015,0.0,1617.4070000000006,27
Genie,crowd_run,15,11.20374999999999,0.29104349634356425,498.228785948081,24
Genie,crowd_run,16,18.118333333333336,0.1806319996887365,847.6207462423906,22
Genie,crowd_run,17,9.925624999999988,0.1327310781681158,443.5126253196683,24
Genie,crowd_run,18,13.970416666666656,0.046865077131643534,642.4640762076285,19
Genie,crowd_run,19,24.030833333333334,0.0,1114.828,28
BBA,crowd_run,0,20.99145833333336,5.085117942788441,949.7622941993859,20
BBA,crowd_run,1,18.118333333333343,0.901370204574708,833.7154768288667,31
BBA,crowd_run,2,30.156875,4.664676335980446,1368.4822857396703,33
BBA,crowd_run,3,16.95583333333334,25.03888998759268,607.4193248952886,15
BBA,crowd_run,4,18.312083333333344,0.29043692129629717,846.777444444445,32
BBA,crowd_run,5,34.23916666666666,7.613898170655641,1555.4472620493646,25
BBA,crowd_run,6,15.212083333333341,30.183549794562175,497.22833757776294,1
BBA,crowd_run,7,15.40583333333334,29.6370546068042,508.8654206197441,3
BBA,crowd_run,8,19.66833333333334,14.864677084588537,796.2272799903604,36
BBA,crowd_run,9,16.95583333333334,25.03888998759268,607.4193248952886,15
BBA,crowd_run,10,30.298125000000017,0.6005179241140173,1411.0410223428053,31
BBA,crowd_run,11,31.015833333333347,21.497797514213325,1302.8009150908424,12
BBA,crowd_run,12,30.298125000000017,0.6005179241140173,1411.0410223428053,31
BBA,crowd_run,13,30.298125000000017,0.6005179241140173,1411.0410223428053,31
BBA,crowd_run,14,19.47458333333334,8.816096358628089,841.7503799657366,27
BBA,crowd_run,15,34.23916666666666,7.613898170655641,1555.4472620493646,25
BBA,crowd_run,16,29.575625000000016,6.321922219673004,1334.575637352912,28
BBA,crowd_run,17,31.015833333333347,21.497797514213325,1302.8009150908424,12
BBA,crowd_run,18,15.40583333333334,29.6370546068042,508.8654206197441,3
BBA,crowd_run,19,34.23916666666666,7.613898170655641,1555.4472620493646,25
Proposed,tearsofsteel_short,0,86.75895833333341,35.154493433074435,3891.3274904339924,3
Proposed,tearsofsteel_short,1,89.2091666666667,0.2088337010759235,4259.988157175739,31
Proposed,tearsofsteel_short,2,88.82229166666669,5.947916666666661,4204.77,19
Proposed,tearsofsteel_short,3,86.75895833333341,16.5072793504814,4034.5380945883066,3
Proposed,tearsofsteel_short,4,89.5960416666667,0.9907797246816502,4269.4578117144465,36
Proposed,tearsofsteel_short,5,86.75895833333341,23.42881944444445,3981.3806666666705,3
Proposed,tearsofsteel_short,6,86.75895833333341,16.5072793504814,4034.5380945883066,3
Proposed,tearsofsteel_short,7,87.79062500000009,5.058616406032742,4162.079826001673,19
Proposed,tearsofsteel_short,8,88.82229166666669,5.947916666666661,4204.77,19
Proposed,tearsofsteel_short,9,89.33812500000003,0.46261687431921145,4259.27710240523,39
Proposed,tearsofsteel_short,10,90.24083333333336,0.0,4305.541000000001,40
Proposed,tearsofsteel_short,11,87.14583333333341,1.9547534927615215,4161.776493175595,8
Proposed,tearsofsteel_short,12,86.75895833333341,35.154493433074435,3891.3274904339924,3
Proposed,tearsofsteel_short,13,86.75895833333341,8.741765583287982,4094.177240320352,3
Proposed,tearsofsteel_short,14,86.88791666666674,15.436094616397114,4047.7167933460737,5
Proposed,tearsofsteel_short,15,86.75895833333341,33.72789580197208,3902.283760240858,3
Proposed,tearsofsteel_short,16,89.33812500000003,0.8942748011905292,4261.532969526858,30
Proposed,tearsofsteel_short,17,89.33812500000003,0.8942748011905292,4261.532969526858,30
Proposed,tearsofsteel_short,18,87.27479166666676,1.693070023148148,4168.119222222226,11
Proposed,tearsofsteel_short,19,87.66166666666673,9.376374225798367,4123.967445945871,17
Pensieve,tearsofsteel_short,0,86.63000000000007,30.297576075928163,3923.676615736875,1
Pensieve,tearsofsteel_short,1,86.63000000000007,0.3604570236892616,4153.59369005807,1
Pensieve,tearsofsteel_short,2,86.63000000000007,21.918402777777782,3988.02866666667,1
Pensieve,tearsofsteel_short,3,86.63000000000007,32.224467469467946,3908.8780898344894,1
Pensieve,tearsofsteel_short,4,86.63000000000007,1.220703125,4146.987000000004,1
Pensieve,tearsofsteel_short,5,86.63000000000007,0.315143022847702,4153.941701584534,1
Pensieve,tearsofsteel_short,6,86.63000000000007,1.220703125,4146.987000000004,1
Pensieve,tearsofsteel_short,7,86.63000000000007,3.1084357093734,4132.489213752016,1
Pensieve,tearsofsteel_short,8,86.63000000000007,32.224467469467946,3908.8780898344894,1
Pensieve,tearsofsteel_short,9,86.63000000000007,15.699242034646835,4035.7918211739157,1
Pensieve,tearsofsteel_short,10,86.63000000000007,0.46261687431921145,4152.809102405232,1
Pensieve,tearsofsteel_short,11,86.63000000000007,0.9192837287940647,4149.301900962865,1
Pensieve,tearsofsteel_short,12,86.63000000000007,30.297576075928163,3923.676615736875,1
Pensieve,tearsofsteel_short,13,86.63000000000007,1.232829999221841,4146.89386560598,1
Pensieve,tearsofsteel_short,14,86.63000000000007,4.16666666666666,4124.362000000004,1
Pensieve,tearsofsteel_short,15,86.63000000000007,0.9907797246816502,4148.752811714448,1
Pensieve,tearsofsteel_short,16,86.63000000000007,12.709706175245431,4058.7514565741185,1
Pensieve,tearsofsteel_short,17,86.63000000000007,0.9192837287940647,4149.301900962865,1
Pensieve,tearsofsteel_short,18,86.63000000000007,0.25732730105751056,4154.385726327882,1
Pensieve,tearsofsteel_short,19,86.63000000000007,0.04340277777777786,4156.028666666671,1
RobustMPC,tearsofsteel_short,0,94.66520833333341,0.16801540274395582,4537.63664170693,9
RobustMPC,tearsofsteel_short,1,94.66520833333341,0.16801540274395582,4537.63664170693,9
RobustMPC,tearsofsteel_short,2,85.94145833333334,19.846403222592855,3952.195623250487,16
RobustMPC,tearsofsteel_short,3,84.40270833333338,8.546516119387938,3956.326756203103,21
RobustMPC,tearsofsteel_short,4,88.03541666666672,6.377702000441736,4159.90124863661,17
RobustMPC,tearsofsteel_short,5,92.22187500000003,14.49821319143896,4307.39172268975,16
RobustMPC,tearsofsteel_short,6,83.55583333333338,12.038624802947423,3893.231361513366,17
RobustMPC,tearsofsteel_short,7,90.47895833333338,3.1077247405372392,4296.951673992677,25
RobustMPC,tearsofsteel_short,8,88.60125,13.380974037510818,4123.130119391917,20
RobustMPC,tearsofsteel_short,9,90.47895833333338,1.2730273199023168,4318.244150183153,22
RobustMPC,tearsofsteel_short,10,92.72062500000003,6.788504464285714,4393.1442857142865,7
RobustMPC,tearsofsteel_short,11,92.2122916666667,17.77068485871663,4279.968140285057,21
RobustMPC,tearsofsteel_short,12,89.72062500000006,1.6438802083333326,4285.897000000003,10
RobustMPC,tearsofsteel_short,13,92.2122916666667,17.77068485871663,4279.968140285057,21
RobustMPC,tearsofsteel_short,14,80.10770833333336,5.031694790955782,3765.8505840054613,22
RobustMPC,tearsofsteel_short,15,90.47895833333338,1.2730273199023168,4318.244150183153,22
RobustMPC,tearsofsteel_short,16,95.25520833333336,5.843672994871336,4521.025591399389,16
RobustMPC,tearsofsteel_short,17,88.17312500000004,1.6256882577846212,4211.137714180217,11
RobustMPC,tearsofsteel_short,18,88.04416666666673,0.18880208333333337,4214.126000000003,15
RobustMPC,tearsofsteel_short,19,92.2122916666667,17.77068485871663,4279.968140285057,21
Genie,tearsofsteel_short,0,77.49791666666665,0.1327310781681158,3691.3506253196683,15
Genie,tearsofsteel_short,1,93.10041666666667,0.05792204034391693,4461.208158730159,11
Genie,tearsofsteel_short,2,75.28375,0.8854166666666669,3552.3579999999997,29
Genie,tearsofsteel_short,3,89.72062500000003,0.17578125000000006,4295.3150000000005,14
Genie,tearsofsteel_short,4,93.16458333333337,0.004062695261322635,4460.702798500394,18
Genie,tearsofsteel_short,5,78.99416666666667,0.29104349634356425,3761.3767859480813,19
Genie,tearsofsteel_short,6,94.24833333333333,0.0,4510.697,22
Genie,tearsofsteel_short,7,92.8072916666667,0.08726279570194645,4441.618821729011,29
Genie,tearsofsteel_short,8,75.28375,0.8854166666666669,3552.3579999999997,29
Genie,tearsofsteel_short,9,78.99416666666667,0.29104349634356425,3761.3767859480813,19
Genie,tearsofsteel_short,10,93.10041666666667,0.05792204034391693,4461.208158730159,11
Genie,tearsofsteel_short,11,75.93291666666666,0.8109006365763199,3613.5402831110932,15
Genie,tearsofsteel_short,12,88.02750000000005,0.1888788687240327,4198.317410288202,24
Genie,tearsofsteel_short,13,75.93291666666666,0.8109006365763199,3613.5402831110932,15
Genie,tearsofsteel_short,14,95.12083333333335,0.0,4556.031000000001,29
Genie,tearsofsteel_short,15,78.99416666666667,0.29104349634356425,3761.3767859480813,19
Genie,tearsofsteel_short,16,88.17312500000007,0.1806319996887365,4216.045746242393,22
Genie,tearsofsteel_short,17,77.49791666666665,0.1327310781681158,3691.3506253196683,15
Genie,tearsofsteel_short,18,83.02687500000002,0.046865077131643534,3963.13807620763,20
Genie,tearsofsteel_short,19,88.68291666666671,0.0,4247.112000000003,14
BBA,tearsofsteel_short,0,89.65708333333339,5.085117942788441,4252.700294199388,20
BBA,tearsofsteel_short,1,88.17312500000004,0.901370204574708,4204.9394768288685,31
BBA,tearsofsteel_short,2,93.67916666666672,4.664676335980446,4442.492285739672,33
BBA,tearsofsteel_short,3,87.39937500000008,25.03888998759268,3992.327324895292,15
BBA,tearsofsteel_short,4,88.30208333333337,0.29043692129629717,4215.202444444446,32
BBA,tearsofsteel_short,5,94.64520833333334,7.613898170655641,4474.974262049365,25
BBA,tearsofsteel_short,6,86.23875000000008,30.183549794562175,3905.772337577766,1
BBA,tearsofsteel_short,7,86.3677083333334,29.6370546068042,3914.921420619747,3
BBA,tearsofsteel_short,8,89.20479166666671,14.864677084588537,4144.1262799903625,36
BBA,tearsofsteel_short,9,87.39937500000008,25.03888998759268,3992.327324895292,15
BBA,tearsofsteel_short,10,92.16770833333338,0.6005179241140173,4403.653022342806,31
BBA,tearsofsteel_short,11,91.76291666666668,21.497797514213325,4234.732915090843,12
BBA,tearsofsteel_short,12,92.16770833333338,0.6005179241140173,4403.653022342806,31
BBA,tearsofsteel_short,13,92.16770833333338,0.6005179241140173,4403.653022342806,31
BBA,tearsofsteel_short,14,89.07583333333338,8.816096358628089,4189.960379965739,27
BBA,tearsofsteel_short,15,94.64520833333334,7.613898170655641,4474.974262049365,25
BBA,tearsofsteel_short,16,92.13062500000002,6.321922219673004,4355.953637352913,28
BBA,tearsofsteel_short,17,91.76291666666668,21.497797514213325,4234.732915090843,12
BBA,tearsofsteel_short,18,86.3677083333334,29.6370546068042,3914.921420619747,3
BBA,tearsofsteel_short,19,94.64520833333334,7.613898170655641,4474.974262049365,25
Proposed,sintel,0,87.59166666666663,35.154493433074435,3931.600490433986,3
Proposed,sintel,1,91.63333333333333,0.2088337010759235,4362.943157175737,43
Proposed,sintel,2,90.1783333333333,5.947916666666661,4267.650999999998,19
Proposed,sintel,3,87.59166666666663,16.5072793504814,4074.8110945883004,3
Proposed,sintel,4,91.47166666666665,0.9907797246816502,4353.833811714444,37
Proposed,sintel,5,87.59166666666663,23.42881944444445,4021.6536666666643,3
Proposed,sintel,6,87.59166666666663,16.5072793504814,4074.8110945883004,3
Proposed,sintel,7,89.20833333333333,5.058616406032742,4224.816826001669,23
Proposed,sintel,8,90.1783333333333,5.947916666666661,4267.650999999998,19
Proposed,sintel,9,91.47166666666665,0.46261687431921145,4354.786102405227,41
Proposed,sintel,10,91.95666666666665,0.0,4382.3949999999995,40
Proposed,sintel,11,88.39999999999998,1.9547534927615215,4217.61449317559,13
Proposed,sintel,12,87.59166666666663,35.154493433074435,3931.600490433986,3
Proposed,sintel,13,87.59166666666663,8.741765583287982,4134.450240320346,3
Proposed,sintel,14,87.75333333333329,15.436094616397114,4089.2457933460682,5
Proposed,sintel,15,87.59166666666663,33.72789580197208,3942.556760240852,3
Proposed,sintel,16,91.63333333333333,0.8942748011905292,4363.886969526857,35
Proposed,sintel,17,91.63333333333333,0.8942748011905292,4363.886969526857,35
Proposed,sintel,18,88.56166666666665,1.693070023148148,4225.832222222221,15
Proposed,sintel,19,89.20833333333331,11.259082973507816,4177.197242763459,23
Pensieve,sintel,0,87.42999999999995,30.297576075928163,3962.6936157368696,1
Pensieve,sintel,1,87.42999999999995,0.3604570236892616,4192.6106900580635,1
Pensieve,sintel,2,87.42999999999995,21.918402777777782,4027.045666666664,1
Pensieve,sintel,3,87.42999999999995,32.224467469467946,3947.8950898344838,1
Pensieve,sintel,4,87.42999999999995,1.220703125,4186.003999999997,1
Pensieve,sintel,5,87.42999999999995,0.315143022847702,4192.958701584527,1
Pensieve,sintel,6,87.42999999999995,1.220703125,4186.003999999997,1
Pensieve,sintel,7,87.42999999999995,3.1084357093734,4171.50621375201,1
Pensieve,sintel,8,87.42999999999995,32.224467469467946,3947.8950898344838,1
Pensieve,sintel,9,87.42999999999995,15.699242034646835,4074.80882117391,1
Pensieve,sintel,10,87.42999999999995,0.46261687431921145,4191.826102405225,1
Pensieve,sintel,11,87.42999999999995,0.9192837287940647,4188.318900962859,1
Pensieve,sintel,12,87.42999999999995,30.297576075928163,3962.6936157368696,1
Pensieve,sintel,13,87.42999999999995,1.232829999221841,4185.910865605973,1
Pensieve,sintel,14,87.42999999999995,4.16666666666666,4163.378999999997,1
Pensieve,sintel,15,87.42999999999995,0.9907797246816502,4187.769811714442,1
Pensieve,sintel,16,87.42999999999995,12.709706175245431,4097.768456574112,1
Pensieve,sintel,17,87.42999999999995,0.9192837287940647,4188.318900962859,1
Pensieve,sintel,18,87.42999999999995,0.25732730105751056,4193.402726327876,1
Pensieve,sintel,19,87.42999999999995,0.04340277777777786,4195.045666666664,1
RobustMPC,sintel,0,95.07270833333331,0.7367057605089651,4554.96709975929,17
RobustMPC,sintel,1,95.07270833333331,0.7367057605089651,4554.96709975929,17
RobustMPC,sintel,2,88.58187500000004,18.974472419021428,4085.5450518219177,18
RobustMPC,sintel,3,86.39937499999996,6.798716310082109,4073.324858738568,21
RobustMPC,sintel,4,89.87520833333332,6.377702000441736,4249.412248636607,17
RobustMPC,sintel,5,93.15854166666664,13.157334355187347,4361.56067215216,16
RobustMPC,sintel,6,85.77291666666666,9.007842633251078,4029.392768576631,17
RobustMPC,sintel,7,91.91833333333335,1.5833333333333335,4392.491000000001,35
RobustMPC,sintel,8,89.75583333333334,12.98838891206279,4196.125173155358,16
RobustMPC,sintel,9,91.55458333333333,0.5416666666666667,4383.043,34
RobustMPC,sintel,10,92.76354166666665,4.348183283730162,4414.646952380952,6
RobustMPC,sintel,11,93.21437499999998,17.162653017457316,4333.007824825927,19
RobustMPC,sintel,12,91.5322916666667,1.6438802083333326,4371.904000000001,10
RobustMPC,sintel,13,93.21437499999998,17.162653017457316,4333.007824825927,19
RobustMPC,sintel,14,83.38833333333329,6.769115894117618,3927.664189933175,18
RobustMPC,sintel,15,91.55458333333333,0.5416666666666667,4383.043,34
RobustMPC,sintel,16,95.06729166666663,4.226128872981202,4525.732330255503,20
RobustMPC,sintel,17,89.59229166666664,1.6256882577846212,4278.147714180213,11
RobustMPC,sintel,18,89.43062499999998,0.18880208333333337,4279.094999999999,15
RobustMPC,sintel,19,93.21437499999998,17.162653017457316,4333.007824825927,19
Genie,sintel,0,81.04416666666671,0.1327310781681158,3862.716625319671,20
Genie,sintel,1,93.41208333333329,0.04340277777777786,4474.957666666665,12
Genie,sintel,2,79.81145833333333,0.8854166666666669,3787.5809999999997,29
Genie,sintel,3,91.53229166666664,0.17578125000000006,4380.850999999998,14
Genie,sintel,4,93.84562499999998,0.004062695261322635,4492.565798500392,28
Genie,sintel,5,82.42333333333336,0.29104349634356425,3922.9967859480826,23
Genie,sintel,6,94.79499999999997,0.0,4541.884999999999,24
Genie,sintel,7,93.95145833333332,0.08726279570194645,4496.802821729008,29
Genie,sintel,8,79.81145833333333,0.8854166666666669,3787.5809999999997,29
Genie,sintel,9,82.42333333333336,0.29104349634356425,3922.9967859480826,23
Genie,sintel,10,93.41208333333329,0.04340277777777786,4474.957666666665,12
Genie,sintel,11,80.1347916666667,0.6646088827783794,3820.607803780264,17
Genie,sintel,12,90.37020833333332,0.0,4323.633,18
Genie,sintel,13,80.1347916666667,0.6646088827783794,3820.607803780264,17
Genie,sintel,14,95.16270833333333,0.0,4560.438999999999,33
Genie,sintel,15,82.42333333333336,0.29104349634356425,3922.9967859480826,23
Genie,sintel,16,89.59229166666664,0.1806319996887365,4281.485746242389,22
Genie,sintel,17,81.04416666666671,0.1327310781681158,3862.716625319671,20
Genie,sintel,18,85.10854166666671,0.046865077131643534,4066.396076207631,19
Genie,sintel,19,90.7197916666667,0.0,4349.208000000001,20
BBA,sintel,0,90.7464583333333,5.085117942788441,4306.107294199383,20
BBA,sintel,1,89.59229166666665,0.901370204574708,4268.966476828866,31
BBA,sintel,2,93.89479166666666,4.664676335980446,4458.314285739671,33
BBA,sintel,3,88.62229166666664,25.03888998759268,4049.446324895287,15
BBA,sintel,4,89.7539583333333,0.29043692129629717,4280.642444444443,32
BBA,sintel,5,94.32604166666664,7.613898170655641,4462.2022620493635,25
BBA,sintel,6,87.16729166666663,30.183549794562175,3950.9593375777604,1
BBA,sintel,7,87.32895833333329,29.6370546068042,3961.364420619742,3
BBA,sintel,8,90.88562499999999,14.864677084588537,4219.928279990359,36
BBA,sintel,9,88.62229166666664,25.03888998759268,4049.446324895287,15
BBA,sintel,10,92.74729166666663,0.6005179241140173,4429.847022342802,31
BBA,sintel,11,91.74270833333328,21.497797514213325,4234.44991509084,12
BBA,sintel,12,92.74729166666663,0.6005179241140173,4429.847022342802,31
BBA,sintel,13,92.74729166666663,0.6005179241140173,4429.847022342802,31
BBA,sintel,14,90.72395833333336,8.816096358628089,4265.6053799657375,27
BBA,sintel,15,94.32604166666664,7.613898170655641,4462.2022620493635,25
BBA,sintel,16,92.693125,6.321922219673004,4381.376637352911,28
BBA,sintel,17,91.74270833333328,21.497797514213325,4234.44991509084,12
BBA,sintel,18,87.32895833333329,29.6370546068042,3961.364420619742,3
BBA,sintel,19,94.32604166666664,7.613898170655641,4462.2022620493635,25
